2025-02-15 15:46:24,566 - INFO - RacingAI initialized
2025-02-15 15:46:29,646 - INFO - Game loaded successfully
2025-02-15 15:49:39,668 - INFO - Episode complete! Total reward: -7749.856109619141
2025-02-15 15:49:39,686 - INFO - Episode data saved successfully
2025-02-15 15:49:39,687 - INFO - Q-table saved successfully
2025-02-15 15:50:24,917 - INFO - Episode complete! Total reward: -10000.0
2025-02-15 15:50:24,925 - INFO - Episode data saved successfully
2025-02-15 15:50:24,927 - INFO - Q-table saved successfully
2025-02-15 15:51:10,216 - INFO - Episode complete! Total reward: -9349.870948791504
2025-02-15 15:51:10,223 - INFO - Episode data saved successfully
2025-02-15 15:51:10,225 - INFO - Q-table saved successfully
2025-02-15 15:51:55,457 - INFO - Episode complete! Total reward: -10000.0
2025-02-15 15:51:55,464 - INFO - Episode data saved successfully
2025-02-15 15:51:55,466 - INFO - Q-table saved successfully
2025-02-15 15:52:40,730 - INFO - Episode complete! Total reward: 0.0
2025-02-15 15:52:40,738 - INFO - Episode data saved successfully
2025-02-15 15:52:40,740 - INFO - Q-table saved successfully
2025-02-15 15:53:26,019 - INFO - Episode complete! Total reward: -10000.0
2025-02-15 15:53:26,028 - INFO - Episode data saved successfully
2025-02-15 15:53:26,030 - INFO - Q-table saved successfully
2025-02-15 15:54:11,315 - INFO - Episode complete! Total reward: -10000.0
2025-02-15 15:54:11,322 - INFO - Episode data saved successfully
2025-02-15 15:54:11,324 - INFO - Q-table saved successfully
2025-02-15 15:54:56,620 - INFO - Episode complete! Total reward: 0.0
2025-02-15 15:54:56,628 - INFO - Episode data saved successfully
2025-02-15 15:54:56,630 - INFO - Q-table saved successfully
2025-02-15 15:55:41,952 - INFO - Episode complete! Total reward: -10000.0
2025-02-15 15:55:41,965 - INFO - Episode data saved successfully
2025-02-15 15:55:41,966 - INFO - Q-table saved successfully
2025-02-15 15:56:27,261 - INFO - Episode complete! Total reward: -10000.0
2025-02-15 15:56:27,271 - INFO - Episode data saved successfully
2025-02-15 15:56:27,274 - INFO - Q-table saved successfully
2025-02-15 15:57:12,583 - INFO - Episode complete! Total reward: -10000.0
2025-02-15 15:57:12,591 - INFO - Episode data saved successfully
2025-02-15 15:57:12,594 - INFO - Q-table saved successfully
2025-02-15 15:57:57,897 - INFO - Episode complete! Total reward: -10000.0
2025-02-15 15:57:57,903 - INFO - Episode data saved successfully
2025-02-15 15:57:57,905 - INFO - Q-table saved successfully
2025-02-15 15:58:43,179 - INFO - Episode complete! Total reward: -10000.0
2025-02-15 15:58:43,186 - INFO - Episode data saved successfully
2025-02-15 15:58:43,188 - INFO - Q-table saved successfully
2025-02-15 16:01:43,510 - INFO - Episode complete! Total reward: -7799.696807861328
2025-02-15 16:01:43,529 - INFO - Episode data saved successfully
2025-02-15 16:01:43,532 - INFO - Q-table saved successfully
2025-02-15 16:01:45,941 - INFO - Q-table saved successfully
2025-02-15 16:01:48,758 - INFO - Q-table loaded successfully
2025-02-15 16:01:48,758 - INFO - RacingAI initialized
2025-02-15 16:02:02,873 - INFO - Game loaded successfully
2025-02-15 16:02:15,495 - INFO - Episode complete! Total reward: -8744.724175930023
2025-02-15 16:02:15,498 - INFO - Episode data saved successfully
2025-02-15 16:02:15,499 - INFO - Q-table saved successfully
2025-02-15 16:02:23,872 - INFO - Episode complete! Total reward: -8265.259528160095
2025-02-15 16:02:23,875 - INFO - Episode data saved successfully
2025-02-15 16:02:23,877 - INFO - Q-table saved successfully
2025-02-15 16:02:31,656 - INFO - Episode complete! Total reward: -8348.295979499817
2025-02-15 16:02:31,659 - INFO - Episode data saved successfully
2025-02-15 16:02:31,661 - INFO - Q-table saved successfully
2025-02-15 16:02:47,042 - ERROR - Error updating Q-value: 'wd'
2025-02-15 16:03:38,768 - INFO - Episode complete! Total reward: -15657.405042648315
2025-02-15 16:03:38,778 - INFO - Episode data saved successfully
2025-02-15 16:03:38,780 - INFO - Q-table saved successfully
2025-02-15 16:03:41,640 - INFO - Episode complete! Total reward: -8796.323359012604
2025-02-15 16:03:41,642 - INFO - Episode data saved successfully
2025-02-15 16:03:41,644 - INFO - Q-table saved successfully
2025-02-15 16:03:44,293 - INFO - Episode complete! Total reward: -8806.00777387619
2025-02-15 16:03:44,295 - INFO - Episode data saved successfully
2025-02-15 16:03:44,297 - INFO - Q-table saved successfully
2025-02-15 16:03:46,951 - INFO - Episode complete! Total reward: -8755.622272491455
2025-02-15 16:03:46,953 - INFO - Episode data saved successfully
2025-02-15 16:03:46,955 - INFO - Q-table saved successfully
2025-02-15 16:03:49,604 - INFO - Episode complete! Total reward: -8756.109719276428
2025-02-15 16:03:49,606 - INFO - Episode data saved successfully
2025-02-15 16:03:49,607 - INFO - Q-table saved successfully
2025-02-15 16:03:52,432 - INFO - Episode complete! Total reward: -8745.86375951767
2025-02-15 16:03:52,435 - INFO - Episode data saved successfully
2025-02-15 16:03:52,437 - INFO - Q-table saved successfully
2025-02-15 16:03:55,095 - INFO - Episode complete! Total reward: -8807.705698013306
2025-02-15 16:03:55,096 - INFO - Episode data saved successfully
2025-02-15 16:03:55,098 - INFO - Q-table saved successfully
2025-02-15 16:03:57,725 - INFO - Episode complete! Total reward: -8707.185595035553
2025-02-15 16:03:57,727 - INFO - Episode data saved successfully
2025-02-15 16:03:57,729 - INFO - Q-table saved successfully
2025-02-15 16:04:00,391 - INFO - Episode complete! Total reward: -8805.003395080566
2025-02-15 16:04:00,393 - INFO - Episode data saved successfully
2025-02-15 16:04:00,396 - INFO - Q-table saved successfully
2025-02-15 16:04:03,054 - INFO - Episode complete! Total reward: -8755.244410037994
2025-02-15 16:04:03,056 - INFO - Episode data saved successfully
2025-02-15 16:04:03,058 - INFO - Q-table saved successfully
2025-02-15 16:04:05,707 - INFO - Episode complete! Total reward: -8805.708816051483
2025-02-15 16:04:05,709 - INFO - Episode data saved successfully
2025-02-15 16:04:05,712 - INFO - Q-table saved successfully
2025-02-15 16:04:08,371 - INFO - Episode complete! Total reward: -8805.337769985199
2025-02-15 16:04:08,373 - INFO - Episode data saved successfully
2025-02-15 16:04:08,375 - INFO - Q-table saved successfully
2025-02-15 16:04:11,053 - INFO - Episode complete! Total reward: -8806.94977760315
2025-02-15 16:04:11,055 - INFO - Episode data saved successfully
2025-02-15 16:04:11,057 - INFO - Q-table saved successfully
2025-02-15 16:04:13,703 - INFO - Episode complete! Total reward: -8880.699110031128
2025-02-15 16:04:13,705 - INFO - Episode data saved successfully
2025-02-15 16:04:13,706 - INFO - Q-table saved successfully
2025-02-15 16:04:16,535 - INFO - Episode complete! Total reward: -8795.329611301422
2025-02-15 16:04:16,537 - INFO - Episode data saved successfully
2025-02-15 16:04:16,538 - INFO - Q-table saved successfully
2025-02-15 16:04:19,191 - INFO - Episode complete! Total reward: -8880.065190792084
2025-02-15 16:04:19,194 - INFO - Episode data saved successfully
2025-02-15 16:04:19,195 - INFO - Q-table saved successfully
2025-02-15 16:04:22,003 - INFO - Episode complete! Total reward: -8872.347152233124
2025-02-15 16:04:22,005 - INFO - Episode data saved successfully
2025-02-15 16:04:22,007 - INFO - Q-table saved successfully
2025-02-15 16:04:24,791 - INFO - Episode complete! Total reward: -8873.439407348633
2025-02-15 16:04:24,797 - INFO - Episode data saved successfully
2025-02-15 16:04:24,813 - INFO - Q-table saved successfully
2025-02-15 16:04:27,636 - INFO - Episode complete! Total reward: -8871.368253231049
2025-02-15 16:04:27,638 - INFO - Episode data saved successfully
2025-02-15 16:04:27,640 - INFO - Q-table saved successfully
2025-02-15 16:04:35,898 - INFO - Episode complete! Total reward: -8469.428436756134
2025-02-15 16:04:35,900 - INFO - Episode data saved successfully
2025-02-15 16:04:35,901 - INFO - Q-table saved successfully
2025-02-15 16:04:38,574 - INFO - Episode complete! Total reward: -8806.96442604065
2025-02-15 16:04:38,576 - INFO - Episode data saved successfully
2025-02-15 16:04:38,578 - INFO - Q-table saved successfully
2025-02-15 16:04:41,236 - INFO - Episode complete! Total reward: -8879.852402210236
2025-02-15 16:04:41,238 - INFO - Episode data saved successfully
2025-02-15 16:04:41,239 - INFO - Q-table saved successfully
2025-02-15 16:04:44,069 - INFO - Episode complete! Total reward: -8871.432387828827
2025-02-15 16:04:44,071 - INFO - Episode data saved successfully
2025-02-15 16:04:44,073 - INFO - Q-table saved successfully
2025-02-15 16:04:46,887 - INFO - Episode complete! Total reward: -8872.271454334259
2025-02-15 16:04:46,888 - INFO - Episode data saved successfully
2025-02-15 16:04:46,890 - INFO - Q-table saved successfully
2025-02-15 16:04:49,704 - INFO - Episode complete! Total reward: -8796.334409713745
2025-02-15 16:04:49,705 - INFO - Episode data saved successfully
2025-02-15 16:04:49,707 - INFO - Q-table saved successfully
2025-02-15 16:04:52,353 - INFO - Episode complete! Total reward: -8806.375589370728
2025-02-15 16:04:52,354 - INFO - Episode data saved successfully
2025-02-15 16:04:52,356 - INFO - Q-table saved successfully
2025-02-15 16:04:55,009 - INFO - Episode complete! Total reward: -8880.38489818573
2025-02-15 16:04:55,011 - INFO - Episode data saved successfully
2025-02-15 16:04:55,013 - INFO - Q-table saved successfully
2025-02-15 16:04:57,670 - INFO - Episode complete! Total reward: -8805.257060527802
2025-02-15 16:04:57,672 - INFO - Episode data saved successfully
2025-02-15 16:04:57,674 - INFO - Q-table saved successfully
2025-02-15 16:05:00,321 - INFO - Episode complete! Total reward: -8605.824403762817
2025-02-15 16:05:00,324 - INFO - Episode data saved successfully
2025-02-15 16:05:00,325 - INFO - Q-table saved successfully
2025-02-15 16:05:06,167 - INFO - Episode complete! Total reward: -8720.437562465668
2025-02-15 16:05:06,169 - INFO - Episode data saved successfully
2025-02-15 16:05:06,171 - INFO - Q-table saved successfully
2025-02-15 16:05:16,124 - INFO - Episode complete! Total reward: -8514.91173505783
2025-02-15 16:05:16,128 - INFO - Episode data saved successfully
2025-02-15 16:05:16,129 - INFO - Q-table saved successfully
2025-02-15 16:05:18,774 - INFO - Episode complete! Total reward: -8805.926237106323
2025-02-15 16:05:18,776 - INFO - Episode data saved successfully
2025-02-15 16:05:18,777 - INFO - Q-table saved successfully
2025-02-15 16:05:24,102 - INFO - Episode complete! Total reward: -8645.366966724396
2025-02-15 16:05:24,104 - INFO - Episode data saved successfully
2025-02-15 16:05:24,106 - INFO - Q-table saved successfully
2025-02-15 16:05:26,751 - INFO - Episode complete! Total reward: -8805.887198448181
2025-02-15 16:05:26,753 - INFO - Episode data saved successfully
2025-02-15 16:05:26,754 - INFO - Q-table saved successfully
2025-02-15 16:05:29,564 - INFO - Episode complete! Total reward: -8872.12439775467
2025-02-15 16:05:29,565 - INFO - Episode data saved successfully
2025-02-15 16:05:29,567 - INFO - Q-table saved successfully
2025-02-15 16:05:32,423 - INFO - Episode complete! Total reward: -8871.79011106491
2025-02-15 16:05:32,425 - INFO - Episode data saved successfully
2025-02-15 16:05:32,427 - INFO - Q-table saved successfully
2025-02-15 16:05:35,099 - INFO - Episode complete! Total reward: -8754.65149641037
2025-02-15 16:05:35,100 - INFO - Episode data saved successfully
2025-02-15 16:05:35,101 - INFO - Q-table saved successfully
2025-02-15 16:05:37,964 - INFO - Episode complete! Total reward: -8645.539591312408
2025-02-15 16:05:37,965 - INFO - Episode data saved successfully
2025-02-15 16:05:37,967 - INFO - Q-table saved successfully
2025-02-15 16:05:40,667 - INFO - Episode complete! Total reward: -8755.146977901459
2025-02-15 16:05:40,670 - INFO - Episode data saved successfully
2025-02-15 16:05:40,671 - INFO - Q-table saved successfully
2025-02-15 16:05:50,314 - INFO - Episode complete! Total reward: -8286.529808044434
2025-02-15 16:05:50,317 - INFO - Episode data saved successfully
2025-02-15 16:05:50,318 - INFO - Q-table saved successfully
2025-02-15 16:05:56,952 - INFO - Episode complete! Total reward: -8469.525756835938
2025-02-15 16:05:56,955 - INFO - Episode data saved successfully
2025-02-15 16:05:56,956 - INFO - Q-table saved successfully
2025-02-15 16:05:59,601 - INFO - Episode complete! Total reward: -8806.176309585571
2025-02-15 16:05:59,602 - INFO - Episode data saved successfully
2025-02-15 16:05:59,604 - INFO - Q-table saved successfully
2025-02-15 16:06:10,101 - INFO - Episode complete! Total reward: -8335.34375667572
2025-02-15 16:06:10,103 - INFO - Episode data saved successfully
2025-02-15 16:06:10,105 - INFO - Q-table saved successfully
2025-02-15 16:06:12,783 - INFO - Episode complete! Total reward: -8878.988099098206
2025-02-15 16:06:12,786 - INFO - Episode data saved successfully
2025-02-15 16:06:12,787 - INFO - Q-table saved successfully
2025-02-15 16:06:17,183 - INFO - Episode complete! Total reward: -8793.203091621399
2025-02-15 16:06:17,185 - INFO - Episode data saved successfully
2025-02-15 16:06:17,186 - INFO - Q-table saved successfully
2025-02-15 16:06:20,134 - INFO - Episode complete! Total reward: -8865.447640419006
2025-02-15 16:06:20,136 - INFO - Episode data saved successfully
2025-02-15 16:06:20,137 - INFO - Q-table saved successfully
2025-02-15 16:06:22,913 - INFO - Episode complete! Total reward: -8798.003871440887
2025-02-15 16:06:22,914 - INFO - Episode data saved successfully
2025-02-15 16:06:22,916 - INFO - Q-table saved successfully
2025-02-15 16:06:25,576 - INFO - Episode complete! Total reward: -8807.525010108948
2025-02-15 16:06:25,577 - INFO - Episode data saved successfully
2025-02-15 16:06:25,579 - INFO - Q-table saved successfully
2025-02-15 16:06:28,244 - INFO - Episode complete! Total reward: -8879.52915430069
2025-02-15 16:06:28,245 - INFO - Episode data saved successfully
2025-02-15 16:06:28,247 - INFO - Q-table saved successfully
2025-02-15 16:06:31,751 - INFO - Episode complete! Total reward: -8837.36515045166
2025-02-15 16:06:31,753 - INFO - Episode data saved successfully
2025-02-15 16:06:31,754 - INFO - Q-table saved successfully
2025-02-15 16:06:35,677 - INFO - Episode complete! Total reward: -8579.536201953888
2025-02-15 16:06:35,678 - INFO - Episode data saved successfully
2025-02-15 16:06:35,679 - INFO - Q-table saved successfully
2025-02-15 16:06:39,832 - INFO - Episode complete! Total reward: -8565.469720363617
2025-02-15 16:06:39,834 - INFO - Episode data saved successfully
2025-02-15 16:06:39,835 - INFO - Q-table saved successfully
2025-02-15 16:06:42,500 - INFO - Episode complete! Total reward: -8755.040488243103
2025-02-15 16:06:42,501 - INFO - Episode data saved successfully
2025-02-15 16:06:42,503 - INFO - Q-table saved successfully
2025-02-15 16:06:45,326 - INFO - Episode complete! Total reward: -8871.810793876648
2025-02-15 16:06:45,328 - INFO - Episode data saved successfully
2025-02-15 16:06:45,329 - INFO - Q-table saved successfully
2025-02-15 16:06:48,245 - INFO - Episode complete! Total reward: -8868.850207328796
2025-02-15 16:06:48,247 - INFO - Episode data saved successfully
2025-02-15 16:06:48,248 - INFO - Q-table saved successfully
2025-02-15 16:06:50,900 - INFO - Episode complete! Total reward: -8881.997048854828
2025-02-15 16:06:50,902 - INFO - Episode data saved successfully
2025-02-15 16:06:50,904 - INFO - Q-table saved successfully
2025-02-15 16:06:53,682 - INFO - Episode complete! Total reward: -8874.075555801392
2025-02-15 16:06:53,684 - INFO - Episode data saved successfully
2025-02-15 16:06:53,686 - INFO - Q-table saved successfully
2025-02-15 16:06:56,490 - INFO - Episode complete! Total reward: -8872.411596775055
2025-02-15 16:06:56,491 - INFO - Episode data saved successfully
2025-02-15 16:06:56,493 - INFO - Q-table saved successfully
2025-02-15 16:06:59,300 - INFO - Episode complete! Total reward: -8796.50588274002
2025-02-15 16:06:59,301 - INFO - Episode data saved successfully
2025-02-15 16:06:59,303 - INFO - Q-table saved successfully
2025-02-15 16:07:01,965 - INFO - Episode complete! Total reward: -8805.045862197876
2025-02-15 16:07:01,967 - INFO - Episode data saved successfully
2025-02-15 16:07:01,968 - INFO - Q-table saved successfully
2025-02-15 16:07:04,828 - INFO - Episode complete! Total reward: -8795.841121673584
2025-02-15 16:07:04,830 - INFO - Episode data saved successfully
2025-02-15 16:07:04,831 - INFO - Q-table saved successfully
2025-02-15 16:07:07,521 - INFO - Episode complete! Total reward: -8806.461999416351
2025-02-15 16:07:07,523 - INFO - Episode data saved successfully
2025-02-15 16:07:07,525 - INFO - Q-table saved successfully
2025-02-15 16:07:10,194 - INFO - Episode complete! Total reward: -8879.561305046082
2025-02-15 16:07:10,196 - INFO - Episode data saved successfully
2025-02-15 16:07:10,197 - INFO - Q-table saved successfully
2025-02-15 16:07:13,075 - INFO - Episode complete! Total reward: -8794.56701040268
2025-02-15 16:07:13,077 - INFO - Episode data saved successfully
2025-02-15 16:07:13,078 - INFO - Q-table saved successfully
2025-02-15 16:07:15,733 - INFO - Episode complete! Total reward: -8755.570721626282
2025-02-15 16:07:15,735 - INFO - Episode data saved successfully
2025-02-15 16:07:15,737 - INFO - Q-table saved successfully
2025-02-15 16:07:18,518 - INFO - Episode complete! Total reward: -8798.15050125122
2025-02-15 16:07:18,519 - INFO - Episode data saved successfully
2025-02-15 16:07:18,520 - INFO - Q-table saved successfully
2025-02-15 16:07:21,168 - INFO - Episode complete! Total reward: -8755.89970111847
2025-02-15 16:07:21,170 - INFO - Episode data saved successfully
2025-02-15 16:07:21,171 - INFO - Q-table saved successfully
2025-02-15 16:07:23,850 - INFO - Episode complete! Total reward: -8878.602051734924
2025-02-15 16:07:23,853 - INFO - Episode data saved successfully
2025-02-15 16:07:23,854 - INFO - Q-table saved successfully
2025-02-15 16:07:26,698 - INFO - Episode complete! Total reward: -8794.25436258316
2025-02-15 16:07:26,700 - INFO - Episode data saved successfully
2025-02-15 16:07:26,701 - INFO - Q-table saved successfully
2025-02-15 16:07:29,355 - INFO - Episode complete! Total reward: -8881.894397735596
2025-02-15 16:07:29,357 - INFO - Episode data saved successfully
2025-02-15 16:07:29,359 - INFO - Q-table saved successfully
2025-02-15 16:07:32,137 - INFO - Episode complete! Total reward: -8797.897346019745
2025-02-15 16:07:32,140 - INFO - Episode data saved successfully
2025-02-15 16:07:32,142 - INFO - Q-table saved successfully
2025-02-15 16:07:34,808 - INFO - Episode complete! Total reward: -8879.521894454956
2025-02-15 16:07:34,810 - INFO - Episode data saved successfully
2025-02-15 16:07:34,811 - INFO - Q-table saved successfully
2025-02-15 16:07:37,467 - INFO - Episode complete! Total reward: -8879.81390953064
2025-02-15 16:07:37,469 - INFO - Episode data saved successfully
2025-02-15 16:07:37,470 - INFO - Q-table saved successfully
2025-02-15 16:07:40,126 - INFO - Episode complete! Total reward: -8755.566418170929
2025-02-15 16:07:40,128 - INFO - Episode data saved successfully
2025-02-15 16:07:40,129 - INFO - Q-table saved successfully
2025-02-15 16:07:43,013 - INFO - Episode complete! Total reward: -8868.239891529083
2025-02-15 16:07:43,015 - INFO - Episode data saved successfully
2025-02-15 16:07:43,017 - INFO - Q-table saved successfully
2025-02-15 16:07:45,884 - INFO - Episode complete! Total reward: -8871.37404680252
2025-02-15 16:07:45,886 - INFO - Episode data saved successfully
2025-02-15 16:07:45,887 - INFO - Q-table saved successfully
2025-02-15 16:07:48,715 - INFO - Episode complete! Total reward: -8872.00254201889
2025-02-15 16:07:48,717 - INFO - Episode data saved successfully
2025-02-15 16:07:48,719 - INFO - Q-table saved successfully
2025-02-15 16:07:51,500 - INFO - Episode complete! Total reward: -8798.541672229767
2025-02-15 16:07:51,502 - INFO - Episode data saved successfully
2025-02-15 16:07:51,504 - INFO - Q-table saved successfully
2025-02-15 16:07:54,178 - INFO - Episode complete! Total reward: -8805.23985862732
2025-02-15 16:07:54,181 - INFO - Episode data saved successfully
2025-02-15 16:07:54,183 - INFO - Q-table saved successfully
2025-02-15 16:07:56,835 - INFO - Episode complete! Total reward: -8880.551612377167
2025-02-15 16:07:56,836 - INFO - Episode data saved successfully
2025-02-15 16:07:56,840 - INFO - Q-table saved successfully
2025-02-15 16:07:59,681 - INFO - Episode complete! Total reward: -8873.201501369476
2025-02-15 16:07:59,683 - INFO - Episode data saved successfully
2025-02-15 16:07:59,685 - INFO - Q-table saved successfully
2025-02-15 16:08:02,330 - INFO - Episode complete! Total reward: -8880.298209190369
2025-02-15 16:08:02,332 - INFO - Episode data saved successfully
2025-02-15 16:08:02,333 - INFO - Q-table saved successfully
2025-02-15 16:08:06,600 - INFO - Episode complete! Total reward: -8799.314785003662
2025-02-15 16:08:06,603 - INFO - Episode data saved successfully
2025-02-15 16:08:06,604 - INFO - Q-table saved successfully
2025-02-15 16:08:09,380 - INFO - Episode complete! Total reward: -8874.078500270844
2025-02-15 16:08:09,383 - INFO - Episode data saved successfully
2025-02-15 16:08:09,385 - INFO - Q-table saved successfully
2025-02-15 16:08:12,159 - INFO - Episode complete! Total reward: -8873.907852172852
2025-02-15 16:08:12,172 - INFO - Episode data saved successfully
2025-02-15 16:08:12,198 - INFO - Q-table saved successfully
2025-02-15 16:08:14,891 - INFO - Episode complete! Total reward: -8806.497616767883
2025-02-15 16:08:14,892 - INFO - Episode data saved successfully
2025-02-15 16:08:14,894 - INFO - Q-table saved successfully
2025-02-15 16:08:17,596 - INFO - Episode complete! Total reward: -8879.850506782532
2025-02-15 16:08:17,598 - INFO - Episode data saved successfully
2025-02-15 16:08:17,600 - INFO - Q-table saved successfully
2025-02-15 16:08:20,247 - INFO - Episode complete! Total reward: -8880.64739704132
2025-02-15 16:08:20,249 - INFO - Episode data saved successfully
2025-02-15 16:08:20,250 - INFO - Q-table saved successfully
2025-02-15 16:08:23,203 - INFO - Episode complete! Total reward: -8867.404448986053
2025-02-15 16:08:23,204 - INFO - Episode data saved successfully
2025-02-15 16:08:23,206 - INFO - Q-table saved successfully
2025-02-15 16:08:26,013 - INFO - Episode complete! Total reward: -8796.389389038086
2025-02-15 16:08:26,015 - INFO - Episode data saved successfully
2025-02-15 16:08:26,016 - INFO - Q-table saved successfully
2025-02-15 16:08:28,663 - INFO - Episode complete! Total reward: -8806.284246444702
2025-02-15 16:08:28,664 - INFO - Episode data saved successfully
2025-02-15 16:08:28,666 - INFO - Q-table saved successfully
2025-02-15 16:08:31,326 - INFO - Episode complete! Total reward: -8805.359222888947
2025-02-15 16:08:31,327 - INFO - Episode data saved successfully
2025-02-15 16:08:31,329 - INFO - Q-table saved successfully
2025-02-15 16:08:34,008 - INFO - Episode complete! Total reward: -8756.377348899841
2025-02-15 16:08:34,010 - INFO - Episode data saved successfully
2025-02-15 16:08:34,012 - INFO - Q-table saved successfully
2025-02-15 16:08:36,668 - INFO - Episode complete! Total reward: -8881.635308265686
2025-02-15 16:08:36,670 - INFO - Episode data saved successfully
2025-02-15 16:08:36,672 - INFO - Q-table saved successfully
2025-02-15 16:08:39,490 - INFO - Episode complete! Total reward: -8871.795105934143
2025-02-15 16:08:39,491 - INFO - Episode data saved successfully
2025-02-15 16:08:39,493 - INFO - Q-table saved successfully
2025-02-15 16:08:42,146 - INFO - Episode complete! Total reward: -8808.540906906128
2025-02-15 16:08:42,148 - INFO - Episode data saved successfully
2025-02-15 16:08:42,150 - INFO - Q-table saved successfully
2025-02-15 16:08:44,807 - INFO - Episode complete! Total reward: -8705.87289094925
2025-02-15 16:08:44,808 - INFO - Episode data saved successfully
2025-02-15 16:08:44,809 - INFO - Q-table saved successfully
2025-02-15 16:08:47,438 - INFO - Episode complete! Total reward: -8757.188742160797
2025-02-15 16:08:47,440 - INFO - Episode data saved successfully
2025-02-15 16:08:47,441 - INFO - Q-table saved successfully
2025-02-15 16:08:50,064 - INFO - Episode complete! Total reward: -8757.400374412537
2025-02-15 16:08:50,066 - INFO - Episode data saved successfully
2025-02-15 16:08:50,068 - INFO - Q-table saved successfully
2025-02-15 16:08:52,707 - INFO - Episode complete! Total reward: -8756.513230800629
2025-02-15 16:08:52,708 - INFO - Episode data saved successfully
2025-02-15 16:08:52,710 - INFO - Q-table saved successfully
2025-02-15 16:08:55,514 - INFO - Episode complete! Total reward: -8796.558451652527
2025-02-15 16:08:55,515 - INFO - Episode data saved successfully
2025-02-15 16:08:55,517 - INFO - Q-table saved successfully
2025-02-15 16:08:58,181 - INFO - Episode complete! Total reward: -8755.140218734741
2025-02-15 16:08:58,183 - INFO - Episode data saved successfully
2025-02-15 16:08:58,185 - INFO - Q-table saved successfully
2025-02-15 16:09:00,845 - INFO - Episode complete! Total reward: -8805.261328220367
2025-02-15 16:09:00,846 - INFO - Episode data saved successfully
2025-02-15 16:09:00,848 - INFO - Q-table saved successfully
2025-02-15 16:09:03,512 - INFO - Episode complete! Total reward: -8804.847402572632
2025-02-15 16:09:03,515 - INFO - Episode data saved successfully
2025-02-15 16:09:03,516 - INFO - Q-table saved successfully
2025-02-15 16:09:06,162 - INFO - Episode complete! Total reward: -8806.10651731491
2025-02-15 16:09:06,164 - INFO - Episode data saved successfully
2025-02-15 16:09:06,166 - INFO - Q-table saved successfully
2025-02-15 16:09:08,798 - INFO - Episode complete! Total reward: -8806.872589588165
2025-02-15 16:09:08,800 - INFO - Episode data saved successfully
2025-02-15 16:09:08,802 - INFO - Q-table saved successfully
2025-02-15 16:09:11,451 - INFO - Episode complete! Total reward: -8880.341804027557
2025-02-15 16:09:11,453 - INFO - Episode data saved successfully
2025-02-15 16:09:11,455 - INFO - Q-table saved successfully
2025-02-15 16:09:14,263 - INFO - Episode complete! Total reward: -8872.287046909332
2025-02-15 16:09:14,265 - INFO - Episode data saved successfully
2025-02-15 16:09:14,267 - INFO - Q-table saved successfully
2025-02-15 16:09:17,099 - INFO - Episode complete! Total reward: -8744.870007038116
2025-02-15 16:09:17,101 - INFO - Episode data saved successfully
2025-02-15 16:09:17,103 - INFO - Q-table saved successfully
2025-02-15 16:09:19,894 - INFO - Episode complete! Total reward: -8747.31549501419
2025-02-15 16:09:19,896 - INFO - Episode data saved successfully
2025-02-15 16:09:19,898 - INFO - Q-table saved successfully
2025-02-15 16:09:22,679 - INFO - Episode complete! Total reward: -8698.104772567749
2025-02-15 16:09:22,680 - INFO - Episode data saved successfully
2025-02-15 16:09:22,682 - INFO - Q-table saved successfully
2025-02-15 16:09:25,495 - INFO - Episode complete! Total reward: -8748.44386100769
2025-02-15 16:09:25,497 - INFO - Episode data saved successfully
2025-02-15 16:09:25,499 - INFO - Q-table saved successfully
2025-02-15 16:09:28,146 - INFO - Episode complete! Total reward: -8756.372413635254
2025-02-15 16:09:28,148 - INFO - Episode data saved successfully
2025-02-15 16:09:28,150 - INFO - Q-table saved successfully
2025-02-15 16:09:30,929 - INFO - Episode complete! Total reward: -8798.16125869751
2025-02-15 16:09:30,932 - INFO - Episode data saved successfully
2025-02-15 16:09:30,933 - INFO - Q-table saved successfully
2025-02-15 16:09:33,575 - INFO - Episode complete! Total reward: -8880.593347549438
2025-02-15 16:09:33,577 - INFO - Episode data saved successfully
2025-02-15 16:09:33,578 - INFO - Q-table saved successfully
2025-02-15 16:09:36,446 - INFO - Episode complete! Total reward: -8871.49224281311
2025-02-15 16:09:36,448 - INFO - Episode data saved successfully
2025-02-15 16:09:36,450 - INFO - Q-table saved successfully
2025-02-15 16:09:39,098 - INFO - Episode complete! Total reward: -8655.744993686676
2025-02-15 16:09:39,100 - INFO - Episode data saved successfully
2025-02-15 16:09:39,102 - INFO - Q-table saved successfully
2025-02-15 16:09:41,751 - INFO - Episode complete! Total reward: -8755.622115135193
2025-02-15 16:09:41,753 - INFO - Episode data saved successfully
2025-02-15 16:09:41,755 - INFO - Q-table saved successfully
2025-02-15 16:09:44,565 - INFO - Episode complete! Total reward: -8746.116871833801
2025-02-15 16:09:44,567 - INFO - Episode data saved successfully
2025-02-15 16:09:44,570 - INFO - Q-table saved successfully
2025-02-15 16:09:47,406 - INFO - Episode complete! Total reward: -8744.672212600708
2025-02-15 16:09:47,407 - INFO - Episode data saved successfully
2025-02-15 16:09:47,409 - INFO - Q-table saved successfully
2025-02-15 16:09:50,276 - INFO - Episode complete! Total reward: -8871.360087394714
2025-02-15 16:09:50,277 - INFO - Episode data saved successfully
2025-02-15 16:09:50,279 - INFO - Q-table saved successfully
2025-02-15 16:09:53,135 - INFO - Episode complete! Total reward: -8795.825674533844
2025-02-15 16:09:53,137 - INFO - Episode data saved successfully
2025-02-15 16:09:53,139 - INFO - Q-table saved successfully
2025-02-15 16:09:55,784 - INFO - Episode complete! Total reward: -8880.432844161987
2025-02-15 16:09:55,786 - INFO - Episode data saved successfully
2025-02-15 16:09:55,787 - INFO - Q-table saved successfully
2025-02-15 16:09:58,623 - INFO - Episode complete! Total reward: -8870.642054080963
2025-02-15 16:09:58,624 - INFO - Episode data saved successfully
2025-02-15 16:09:58,626 - INFO - Q-table saved successfully
2025-02-15 16:10:01,265 - INFO - Episode complete! Total reward: -8880.420446395874
2025-02-15 16:10:01,267 - INFO - Episode data saved successfully
2025-02-15 16:10:01,269 - INFO - Q-table saved successfully
2025-02-15 16:10:04,434 - INFO - Episode complete! Total reward: -8854.451835155487
2025-02-15 16:10:04,436 - INFO - Episode data saved successfully
2025-02-15 16:10:04,437 - INFO - Q-table saved successfully
2025-02-15 16:10:07,243 - INFO - Episode complete! Total reward: -8872.45225906372
2025-02-15 16:10:07,245 - INFO - Episode data saved successfully
2025-02-15 16:10:07,247 - INFO - Q-table saved successfully
2025-02-15 16:10:10,208 - INFO - Episode complete! Total reward: -8787.093329429626
2025-02-15 16:10:10,210 - INFO - Episode data saved successfully
2025-02-15 16:10:10,211 - INFO - Q-table saved successfully
2025-02-15 16:10:12,894 - INFO - Episode complete! Total reward: -8756.456179618835
2025-02-15 16:10:12,895 - INFO - Episode data saved successfully
2025-02-15 16:10:12,896 - INFO - Q-table saved successfully
2025-02-15 16:10:15,782 - INFO - Episode complete! Total reward: -8791.54459476471
2025-02-15 16:10:15,784 - INFO - Episode data saved successfully
2025-02-15 16:10:15,787 - INFO - Q-table saved successfully
2025-02-15 16:10:18,433 - INFO - Episode complete! Total reward: -8806.36031627655
2025-02-15 16:10:18,435 - INFO - Episode data saved successfully
2025-02-15 16:10:18,437 - INFO - Q-table saved successfully
2025-02-15 16:10:21,081 - INFO - Episode complete! Total reward: -8806.12102508545
2025-02-15 16:10:21,084 - INFO - Episode data saved successfully
2025-02-15 16:10:21,086 - INFO - Q-table saved successfully
2025-02-15 16:10:23,745 - INFO - Episode complete! Total reward: -8805.311422348022
2025-02-15 16:10:23,747 - INFO - Episode data saved successfully
2025-02-15 16:10:23,749 - INFO - Q-table saved successfully
2025-02-15 16:10:26,394 - INFO - Episode complete! Total reward: -8880.343997478485
2025-02-15 16:10:26,396 - INFO - Episode data saved successfully
2025-02-15 16:10:26,397 - INFO - Q-table saved successfully
2025-02-15 16:10:30,211 - INFO - Episode complete! Total reward: -8635.935480594635
2025-02-15 16:10:30,213 - INFO - Episode data saved successfully
2025-02-15 16:10:30,215 - INFO - Q-table saved successfully
2025-02-15 16:10:32,846 - INFO - Episode complete! Total reward: -8881.04430437088
2025-02-15 16:10:32,848 - INFO - Episode data saved successfully
2025-02-15 16:10:32,851 - INFO - Q-table saved successfully
2025-02-15 16:10:35,631 - INFO - Episode complete! Total reward: -8873.812544345856
2025-02-15 16:10:35,633 - INFO - Episode data saved successfully
2025-02-15 16:10:35,636 - INFO - Q-table saved successfully
2025-02-15 16:10:38,462 - INFO - Episode complete! Total reward: -8871.390450000763
2025-02-15 16:10:38,465 - INFO - Episode data saved successfully
2025-02-15 16:10:38,467 - INFO - Q-table saved successfully
2025-02-15 16:10:41,269 - INFO - Episode complete! Total reward: -8872.495794296265
2025-02-15 16:10:41,271 - INFO - Episode data saved successfully
2025-02-15 16:10:41,273 - INFO - Q-table saved successfully
2025-02-15 16:10:44,102 - INFO - Episode complete! Total reward: -8744.948194026947
2025-02-15 16:10:44,104 - INFO - Episode data saved successfully
2025-02-15 16:10:44,105 - INFO - Q-table saved successfully
2025-02-15 16:10:46,886 - INFO - Episode complete! Total reward: -8798.137674331665
2025-02-15 16:10:46,888 - INFO - Episode data saved successfully
2025-02-15 16:10:46,889 - INFO - Q-table saved successfully
2025-02-15 16:10:49,583 - INFO - Episode complete! Total reward: -8879.861843585968
2025-02-15 16:10:49,586 - INFO - Episode data saved successfully
2025-02-15 16:10:49,587 - INFO - Q-table saved successfully
2025-02-15 16:10:52,466 - INFO - Episode complete! Total reward: -8868.57476234436
2025-02-15 16:10:52,468 - INFO - Episode data saved successfully
2025-02-15 16:10:52,470 - INFO - Q-table saved successfully
2025-02-15 16:10:55,263 - INFO - Episode complete! Total reward: -8873.193788528442
2025-02-15 16:10:55,264 - INFO - Episode data saved successfully
2025-02-15 16:10:55,266 - INFO - Q-table saved successfully
2025-02-15 16:10:58,137 - INFO - Episode complete! Total reward: -8868.886601924896
2025-02-15 16:10:58,139 - INFO - Episode data saved successfully
2025-02-15 16:10:58,140 - INFO - Q-table saved successfully
2025-02-15 16:11:01,004 - INFO - Episode complete! Total reward: -8795.57020187378
2025-02-15 16:11:01,006 - INFO - Episode data saved successfully
2025-02-15 16:11:01,009 - INFO - Q-table saved successfully
2025-02-15 16:11:03,650 - INFO - Episode complete! Total reward: -8756.125378608704
2025-02-15 16:11:03,652 - INFO - Episode data saved successfully
2025-02-15 16:11:03,655 - INFO - Q-table saved successfully
2025-02-15 16:11:06,454 - INFO - Episode complete! Total reward: -8796.909773349762
2025-02-15 16:11:06,455 - INFO - Episode data saved successfully
2025-02-15 16:11:06,457 - INFO - Q-table saved successfully
2025-02-15 16:11:09,114 - INFO - Episode complete! Total reward: -8758.171830177307
2025-02-15 16:11:09,116 - INFO - Episode data saved successfully
2025-02-15 16:11:09,118 - INFO - Q-table saved successfully
2025-02-15 16:11:11,764 - INFO - Episode complete! Total reward: -8805.673084259033
2025-02-15 16:11:11,766 - INFO - Episode data saved successfully
2025-02-15 16:11:11,768 - INFO - Q-table saved successfully
2025-02-15 16:11:14,411 - INFO - Episode complete! Total reward: -8880.671501159668
2025-02-15 16:11:14,412 - INFO - Episode data saved successfully
2025-02-15 16:11:14,413 - INFO - Q-table saved successfully
2025-02-15 16:11:17,214 - INFO - Episode complete! Total reward: -8747.227563858032
2025-02-15 16:11:17,215 - INFO - Episode data saved successfully
2025-02-15 16:11:17,217 - INFO - Q-table saved successfully
2025-02-15 16:11:20,005 - INFO - Episode complete! Total reward: -8873.45346212387
2025-02-15 16:11:20,007 - INFO - Episode data saved successfully
2025-02-15 16:11:20,009 - INFO - Q-table saved successfully
2025-02-15 16:11:22,846 - INFO - Episode complete! Total reward: -8746.885447502136
2025-02-15 16:11:22,847 - INFO - Episode data saved successfully
2025-02-15 16:11:22,855 - INFO - Q-table saved successfully
2025-02-15 16:11:25,649 - INFO - Episode complete! Total reward: -8747.131402492523
2025-02-15 16:11:25,654 - INFO - Episode data saved successfully
2025-02-15 16:11:25,655 - INFO - Q-table saved successfully
2025-02-15 16:11:28,461 - INFO - Episode complete! Total reward: -8746.330735683441
2025-02-15 16:11:28,463 - INFO - Episode data saved successfully
2025-02-15 16:11:28,464 - INFO - Q-table saved successfully
2025-02-15 16:11:31,260 - INFO - Episode complete! Total reward: -8746.951189041138
2025-02-15 16:11:31,262 - INFO - Episode data saved successfully
2025-02-15 16:11:31,264 - INFO - Q-table saved successfully
2025-02-15 16:11:34,096 - INFO - Episode complete! Total reward: -8794.810252189636
2025-02-15 16:11:34,097 - INFO - Episode data saved successfully
2025-02-15 16:11:34,098 - INFO - Q-table saved successfully
2025-02-15 16:11:35,240 - INFO - Q-table saved successfully
2025-02-15 16:11:37,064 - INFO - Q-table loaded successfully
2025-02-15 16:11:37,064 - INFO - RacingAI initialized
2025-02-15 16:11:43,765 - INFO - Game loaded successfully
2025-02-15 16:11:56,369 - INFO - Episode complete! Total reward: -8795.906693935394
2025-02-15 16:11:56,372 - INFO - Episode data saved successfully
2025-02-15 16:11:56,376 - INFO - Q-table saved successfully
2025-02-15 16:11:59,053 - INFO - Episode complete! Total reward: -8806.890783309937
2025-02-15 16:11:59,054 - INFO - Episode data saved successfully
2025-02-15 16:11:59,055 - INFO - Q-table saved successfully
2025-02-15 16:12:01,868 - INFO - Episode complete! Total reward: -8795.928819179535
2025-02-15 16:12:01,870 - INFO - Episode data saved successfully
2025-02-15 16:12:01,871 - INFO - Q-table saved successfully
2025-02-15 16:12:04,540 - INFO - Episode complete! Total reward: -8807.350676059723
2025-02-15 16:12:04,541 - INFO - Episode data saved successfully
2025-02-15 16:12:04,543 - INFO - Q-table saved successfully
2025-02-15 16:12:07,208 - INFO - Episode complete! Total reward: -8757.206540107727
2025-02-15 16:12:07,210 - INFO - Episode data saved successfully
2025-02-15 16:12:07,212 - INFO - Q-table saved successfully
2025-02-15 16:12:09,863 - INFO - Episode complete! Total reward: -8806.418704986572
2025-02-15 16:12:09,864 - INFO - Episode data saved successfully
2025-02-15 16:12:09,864 - INFO - Q-table saved successfully
2025-02-15 16:12:12,522 - INFO - Episode complete! Total reward: -8805.315628051758
2025-02-15 16:12:12,524 - INFO - Episode data saved successfully
2025-02-15 16:12:12,525 - INFO - Q-table saved successfully
2025-02-15 16:12:15,195 - INFO - Episode complete! Total reward: -8807.226402759552
2025-02-15 16:12:15,197 - INFO - Episode data saved successfully
2025-02-15 16:12:15,199 - INFO - Q-table saved successfully
2025-02-15 16:12:17,874 - INFO - Episode complete! Total reward: -8879.122650623322
2025-02-15 16:12:17,876 - INFO - Episode data saved successfully
2025-02-15 16:12:17,877 - INFO - Q-table saved successfully
2025-02-15 16:12:20,548 - INFO - Episode complete! Total reward: -8806.914548873901
2025-02-15 16:12:20,550 - INFO - Episode data saved successfully
2025-02-15 16:12:20,551 - INFO - Q-table saved successfully
2025-02-15 16:12:23,228 - INFO - Episode complete! Total reward: -8804.401035308838
2025-02-15 16:12:23,229 - INFO - Episode data saved successfully
2025-02-15 16:12:23,231 - INFO - Q-table saved successfully
2025-02-15 16:12:26,030 - INFO - Episode complete! Total reward: -8747.259600162506
2025-02-15 16:12:26,032 - INFO - Episode data saved successfully
2025-02-15 16:12:26,033 - INFO - Q-table saved successfully
2025-02-15 16:12:28,835 - INFO - Episode complete! Total reward: -8796.838383674622
2025-02-15 16:12:28,837 - INFO - Episode data saved successfully
2025-02-15 16:12:28,839 - INFO - Q-table saved successfully
2025-02-15 16:12:31,494 - INFO - Episode complete! Total reward: -8805.643150806427
2025-02-15 16:12:31,496 - INFO - Episode data saved successfully
2025-02-15 16:12:31,498 - INFO - Q-table saved successfully
2025-02-15 16:12:34,164 - INFO - Episode complete! Total reward: -8805.041584968567
2025-02-15 16:12:34,165 - INFO - Episode data saved successfully
2025-02-15 16:12:34,167 - INFO - Q-table saved successfully
2025-02-15 16:12:36,965 - INFO - Episode complete! Total reward: -8797.17143535614
2025-02-15 16:12:36,967 - INFO - Episode data saved successfully
2025-02-15 16:12:36,969 - INFO - Q-table saved successfully
2025-02-15 16:12:39,631 - INFO - Episode complete! Total reward: -8879.63011264801
2025-02-15 16:12:39,632 - INFO - Episode data saved successfully
2025-02-15 16:12:39,633 - INFO - Q-table saved successfully
2025-02-15 16:12:42,286 - INFO - Episode complete! Total reward: -8755.733933448792
2025-02-15 16:12:42,289 - INFO - Episode data saved successfully
2025-02-15 16:12:42,291 - INFO - Q-table saved successfully
2025-02-15 16:12:44,923 - INFO - Episode complete! Total reward: -8880.854296684265
2025-02-15 16:12:44,924 - INFO - Episode data saved successfully
2025-02-15 16:12:44,926 - INFO - Q-table saved successfully
2025-02-15 16:12:47,872 - INFO - Episode complete! Total reward: -8865.167200565338
2025-02-15 16:12:47,874 - INFO - Episode data saved successfully
2025-02-15 16:12:47,876 - INFO - Q-table saved successfully
2025-02-15 16:12:51,196 - INFO - Episode complete! Total reward: -8618.564517498016
2025-02-15 16:12:51,197 - INFO - Episode data saved successfully
2025-02-15 16:12:51,198 - INFO - Q-table saved successfully
2025-02-15 16:12:53,864 - INFO - Episode complete! Total reward: -8807.707798480988
2025-02-15 16:12:53,866 - INFO - Episode data saved successfully
2025-02-15 16:12:53,868 - INFO - Q-table saved successfully
2025-02-15 16:12:56,513 - INFO - Episode complete! Total reward: -8806.158864498138
2025-02-15 16:12:56,515 - INFO - Episode data saved successfully
2025-02-15 16:12:56,517 - INFO - Q-table saved successfully
2025-02-15 16:12:59,184 - INFO - Episode complete! Total reward: -8879.38185930252
2025-02-15 16:12:59,186 - INFO - Episode data saved successfully
2025-02-15 16:12:59,188 - INFO - Q-table saved successfully
2025-02-15 16:13:02,530 - INFO - Episode complete! Total reward: -8764.426090717316
2025-02-15 16:13:02,532 - INFO - Episode data saved successfully
2025-02-15 16:13:02,534 - INFO - Q-table saved successfully
2025-02-15 16:13:05,347 - INFO - Episode complete! Total reward: -8872.208368778229
2025-02-15 16:13:05,349 - INFO - Episode data saved successfully
2025-02-15 16:13:05,351 - INFO - Q-table saved successfully
2025-02-15 16:13:08,030 - INFO - Episode complete! Total reward: -8878.815531730652
2025-02-15 16:13:08,033 - INFO - Episode data saved successfully
2025-02-15 16:13:08,034 - INFO - Q-table saved successfully
2025-02-15 16:13:10,810 - INFO - Episode complete! Total reward: -8873.979592323303
2025-02-15 16:13:10,812 - INFO - Episode data saved successfully
2025-02-15 16:13:10,816 - INFO - Q-table saved successfully
2025-02-15 16:13:13,617 - INFO - Episode complete! Total reward: -8872.673761844635
2025-02-15 16:13:13,619 - INFO - Episode data saved successfully
2025-02-15 16:13:13,621 - INFO - Q-table saved successfully
2025-02-15 16:13:16,430 - INFO - Episode complete! Total reward: -8872.237050533295
2025-02-15 16:13:16,432 - INFO - Episode data saved successfully
2025-02-15 16:13:16,434 - INFO - Q-table saved successfully
2025-02-15 16:13:19,247 - INFO - Episode complete! Total reward: -8796.136991977692
2025-02-15 16:13:19,249 - INFO - Episode data saved successfully
2025-02-15 16:13:19,251 - INFO - Q-table saved successfully
2025-02-15 16:13:21,900 - INFO - Episode complete! Total reward: -8879.98914718628
2025-02-15 16:13:21,902 - INFO - Episode data saved successfully
2025-02-15 16:13:21,904 - INFO - Q-table saved successfully
2025-02-15 16:13:24,581 - INFO - Episode complete! Total reward: -8758.46140384674
2025-02-15 16:13:24,584 - INFO - Episode data saved successfully
2025-02-15 16:13:24,585 - INFO - Q-table saved successfully
2025-02-15 16:13:27,383 - INFO - Episode complete! Total reward: -8796.77838087082
2025-02-15 16:13:27,385 - INFO - Episode data saved successfully
2025-02-15 16:13:27,387 - INFO - Q-table saved successfully
2025-02-15 16:13:30,042 - INFO - Episode complete! Total reward: -8705.435619354248
2025-02-15 16:13:30,044 - INFO - Episode data saved successfully
2025-02-15 16:13:30,046 - INFO - Q-table saved successfully
2025-02-15 16:13:32,731 - INFO - Episode complete! Total reward: -8706.48551940918
2025-02-15 16:13:32,733 - INFO - Episode data saved successfully
2025-02-15 16:13:32,735 - INFO - Q-table saved successfully
2025-02-15 16:13:35,410 - INFO - Episode complete! Total reward: -8754.54316854477
2025-02-15 16:13:35,412 - INFO - Episode data saved successfully
2025-02-15 16:13:35,413 - INFO - Q-table saved successfully
2025-02-15 16:13:38,197 - INFO - Episode complete! Total reward: -8797.571218013763
2025-02-15 16:13:38,199 - INFO - Episode data saved successfully
2025-02-15 16:13:38,201 - INFO - Q-table saved successfully
2025-02-15 16:13:40,849 - INFO - Episode complete! Total reward: -8755.677907466888
2025-02-15 16:13:40,852 - INFO - Episode data saved successfully
2025-02-15 16:13:40,854 - INFO - Q-table saved successfully
2025-02-15 16:13:43,710 - INFO - Episode complete! Total reward: -8743.67544412613
2025-02-15 16:13:43,711 - INFO - Episode data saved successfully
2025-02-15 16:13:43,713 - INFO - Q-table saved successfully
2025-02-15 16:13:46,413 - INFO - Episode complete! Total reward: -8754.97840642929
2025-02-15 16:13:46,415 - INFO - Episode data saved successfully
2025-02-15 16:13:46,416 - INFO - Q-table saved successfully
2025-02-15 16:13:49,217 - INFO - Episode complete! Total reward: -8872.559940814972
2025-02-15 16:13:49,219 - INFO - Episode data saved successfully
2025-02-15 16:13:49,221 - INFO - Q-table saved successfully
2025-02-15 16:13:51,864 - INFO - Episode complete! Total reward: -8880.7000041008
2025-02-15 16:13:51,866 - INFO - Episode data saved successfully
2025-02-15 16:13:51,867 - INFO - Q-table saved successfully
2025-02-15 16:13:54,658 - INFO - Episode complete! Total reward: -8873.391854763031
2025-02-15 16:13:54,659 - INFO - Episode data saved successfully
2025-02-15 16:13:54,661 - INFO - Q-table saved successfully
2025-02-15 16:13:57,508 - INFO - Episode complete! Total reward: -8796.46348953247
2025-02-15 16:13:57,510 - INFO - Episode data saved successfully
2025-02-15 16:13:57,512 - INFO - Q-table saved successfully
2025-02-15 16:14:00,178 - INFO - Episode complete! Total reward: -8806.953649520874
2025-02-15 16:14:00,180 - INFO - Episode data saved successfully
2025-02-15 16:14:00,181 - INFO - Q-table saved successfully
2025-02-15 16:14:02,842 - INFO - Episode complete! Total reward: -8880.116438865662
2025-02-15 16:14:02,843 - INFO - Episode data saved successfully
2025-02-15 16:14:02,844 - INFO - Q-table saved successfully
2025-02-15 16:14:05,525 - INFO - Episode complete! Total reward: -8656.319377422333
2025-02-15 16:14:05,527 - INFO - Episode data saved successfully
2025-02-15 16:14:05,528 - INFO - Q-table saved successfully
2025-02-15 16:14:08,192 - INFO - Episode complete! Total reward: -8880.298590660095
2025-02-15 16:14:08,195 - INFO - Episode data saved successfully
2025-02-15 16:14:08,198 - INFO - Q-table saved successfully
2025-02-15 16:14:11,066 - INFO - Episode complete! Total reward: -8872.632896900177
2025-02-15 16:14:11,069 - INFO - Episode data saved successfully
2025-02-15 16:14:11,071 - INFO - Q-table saved successfully
2025-02-15 16:14:13,882 - INFO - Episode complete! Total reward: -8796.21069908142
2025-02-15 16:14:13,885 - INFO - Episode data saved successfully
2025-02-15 16:14:13,893 - INFO - Q-table saved successfully
2025-02-15 16:14:16,562 - INFO - Episode complete! Total reward: -8757.333207130432
2025-02-15 16:14:16,565 - INFO - Episode data saved successfully
2025-02-15 16:14:16,566 - INFO - Q-table saved successfully
2025-02-15 16:14:19,381 - INFO - Episode complete! Total reward: -8871.928000450134
2025-02-15 16:14:19,385 - INFO - Episode data saved successfully
2025-02-15 16:14:19,390 - INFO - Q-table saved successfully
2025-02-15 16:14:22,214 - INFO - Episode complete! Total reward: -8871.319007873535
2025-02-15 16:14:22,215 - INFO - Episode data saved successfully
2025-02-15 16:14:22,217 - INFO - Q-table saved successfully
2025-02-15 16:14:25,202 - INFO - Episode complete! Total reward: -8735.55814743042
2025-02-15 16:14:25,205 - INFO - Episode data saved successfully
2025-02-15 16:14:25,206 - INFO - Q-table saved successfully
2025-02-15 16:14:29,244 - INFO - Episode complete! Total reward: -8810.745096206665
2025-02-15 16:14:29,246 - INFO - Episode data saved successfully
2025-02-15 16:14:29,248 - INFO - Q-table saved successfully
2025-02-15 16:14:32,047 - INFO - Episode complete! Total reward: -8797.102129459381
2025-02-15 16:14:32,049 - INFO - Episode data saved successfully
2025-02-15 16:14:32,051 - INFO - Q-table saved successfully
2025-02-15 16:14:34,682 - INFO - Episode complete! Total reward: -8880.969309806824
2025-02-15 16:14:34,688 - INFO - Episode data saved successfully
2025-02-15 16:14:34,692 - INFO - Q-table saved successfully
2025-02-15 16:14:37,568 - INFO - Episode complete! Total reward: -8796.485161781311
2025-02-15 16:14:37,571 - INFO - Episode data saved successfully
2025-02-15 16:14:37,576 - INFO - Q-table saved successfully
2025-02-15 16:14:40,265 - INFO - Episode complete! Total reward: -8880.396699905396
2025-02-15 16:14:40,267 - INFO - Episode data saved successfully
2025-02-15 16:14:40,270 - INFO - Q-table saved successfully
2025-02-15 16:14:42,897 - INFO - Episode complete! Total reward: -8807.41926908493
2025-02-15 16:14:42,898 - INFO - Episode data saved successfully
2025-02-15 16:14:42,900 - INFO - Q-table saved successfully
2025-02-15 16:14:45,549 - INFO - Episode complete! Total reward: -8805.823616981506
2025-02-15 16:14:45,551 - INFO - Episode data saved successfully
2025-02-15 16:14:45,553 - INFO - Q-table saved successfully
2025-02-15 16:14:48,196 - INFO - Episode complete! Total reward: -8880.828094482422
2025-02-15 16:14:48,198 - INFO - Episode data saved successfully
2025-02-15 16:14:48,200 - INFO - Q-table saved successfully
2025-02-15 16:14:51,027 - INFO - Episode complete! Total reward: -8796.267921924591
2025-02-15 16:14:51,028 - INFO - Episode data saved successfully
2025-02-15 16:14:51,029 - INFO - Q-table saved successfully
2025-02-15 16:14:53,751 - INFO - Episode complete! Total reward: -8806.13651752472
2025-02-15 16:14:53,765 - INFO - Episode data saved successfully
2025-02-15 16:14:53,767 - INFO - Q-table saved successfully
2025-02-15 16:14:56,431 - INFO - Episode complete! Total reward: -8879.286205768585
2025-02-15 16:14:56,433 - INFO - Episode data saved successfully
2025-02-15 16:14:56,434 - INFO - Q-table saved successfully
2025-02-15 16:14:59,211 - INFO - Episode complete! Total reward: -8874.963200092316
2025-02-15 16:14:59,220 - INFO - Episode data saved successfully
2025-02-15 16:14:59,223 - INFO - Q-table saved successfully
2025-02-15 16:15:02,031 - INFO - Episode complete! Total reward: -8796.245534420013
2025-02-15 16:15:02,033 - INFO - Episode data saved successfully
2025-02-15 16:15:02,035 - INFO - Q-table saved successfully
2025-02-15 16:15:04,678 - INFO - Episode complete! Total reward: -8756.04915857315
2025-02-15 16:15:04,681 - INFO - Episode data saved successfully
2025-02-15 16:15:04,682 - INFO - Q-table saved successfully
2025-02-15 16:15:07,496 - INFO - Episode complete! Total reward: -8746.111681461334
2025-02-15 16:15:07,498 - INFO - Episode data saved successfully
2025-02-15 16:15:07,499 - INFO - Q-table saved successfully
2025-02-15 16:15:10,313 - INFO - Episode complete! Total reward: -8871.906197071075
2025-02-15 16:15:10,315 - INFO - Episode data saved successfully
2025-02-15 16:15:10,317 - INFO - Q-table saved successfully
2025-02-15 16:15:13,477 - INFO - Episode complete! Total reward: -8854.891097545624
2025-02-15 16:15:13,478 - INFO - Episode data saved successfully
2025-02-15 16:15:13,480 - INFO - Q-table saved successfully
2025-02-15 16:15:16,311 - INFO - Episode complete! Total reward: -8747.36786365509
2025-02-15 16:15:16,314 - INFO - Episode data saved successfully
2025-02-15 16:15:16,326 - INFO - Q-table saved successfully
2025-02-15 16:15:19,133 - INFO - Episode complete! Total reward: -8872.077703475952
2025-02-15 16:15:19,136 - INFO - Episode data saved successfully
2025-02-15 16:15:19,138 - INFO - Q-table saved successfully
2025-02-15 16:15:21,770 - INFO - Episode complete! Total reward: -8880.882859230042
2025-02-15 16:15:21,772 - INFO - Episode data saved successfully
2025-02-15 16:15:21,773 - INFO - Q-table saved successfully
2025-02-15 16:15:24,628 - INFO - Episode complete! Total reward: -8869.798398017883
2025-02-15 16:15:24,630 - INFO - Episode data saved successfully
2025-02-15 16:15:24,632 - INFO - Q-table saved successfully
2025-02-15 16:15:27,961 - INFO - Episode complete! Total reward: -8716.08696937561
2025-02-15 16:15:27,966 - INFO - Episode data saved successfully
2025-02-15 16:15:27,973 - INFO - Q-table saved successfully
2025-02-15 16:15:31,023 - INFO - Episode complete! Total reward: -8863.014543056488
2025-02-15 16:15:31,024 - INFO - Episode data saved successfully
2025-02-15 16:15:31,025 - INFO - Q-table saved successfully
2025-02-15 16:15:34,015 - INFO - Episode complete! Total reward: -8737.856509685516
2025-02-15 16:15:34,018 - INFO - Episode data saved successfully
2025-02-15 16:15:34,020 - INFO - Q-table saved successfully
2025-02-15 16:15:36,683 - INFO - Episode complete! Total reward: -8805.147495269775
2025-02-15 16:15:36,688 - INFO - Episode data saved successfully
2025-02-15 16:15:36,696 - INFO - Q-table saved successfully
2025-02-15 16:15:39,353 - INFO - Episode complete! Total reward: -8806.762728691101
2025-02-15 16:15:39,355 - INFO - Episode data saved successfully
2025-02-15 16:15:39,356 - INFO - Q-table saved successfully
2025-02-15 16:15:42,055 - INFO - Episode complete! Total reward: -8880.238687992096
2025-02-15 16:15:42,056 - INFO - Episode data saved successfully
2025-02-15 16:15:42,057 - INFO - Q-table saved successfully
2025-02-15 16:15:44,944 - INFO - Episode complete! Total reward: -8744.042994976044
2025-02-15 16:15:44,946 - INFO - Episode data saved successfully
2025-02-15 16:15:44,947 - INFO - Q-table saved successfully
2025-02-15 16:15:47,779 - INFO - Episode complete! Total reward: -8795.04046201706
2025-02-15 16:15:47,780 - INFO - Episode data saved successfully
2025-02-15 16:15:47,782 - INFO - Q-table saved successfully
2025-02-15 16:15:50,421 - INFO - Episode complete! Total reward: -8806.688895225525
2025-02-15 16:15:50,423 - INFO - Episode data saved successfully
2025-02-15 16:15:50,425 - INFO - Q-table saved successfully
2025-02-15 16:15:53,353 - INFO - Episode complete! Total reward: -8792.025463581085
2025-02-15 16:15:53,355 - INFO - Episode data saved successfully
2025-02-15 16:15:53,356 - INFO - Q-table saved successfully
2025-02-15 16:15:56,012 - INFO - Episode complete! Total reward: -8705.546600818634
2025-02-15 16:15:56,014 - INFO - Episode data saved successfully
2025-02-15 16:15:56,016 - INFO - Q-table saved successfully
2025-02-15 16:15:58,673 - INFO - Episode complete! Total reward: -8879.691743850708
2025-02-15 16:15:58,674 - INFO - Episode data saved successfully
2025-02-15 16:15:58,676 - INFO - Q-table saved successfully
2025-02-15 16:16:00,972 - INFO - Q-table saved successfully
2025-02-15 16:16:19,544 - INFO - Q-table loaded successfully
2025-02-15 16:16:19,544 - INFO - RacingAI initialized
2025-02-15 16:16:23,953 - INFO - Game loaded successfully
2025-02-15 16:16:36,627 - INFO - Episode complete! Total reward: -8868.39370727539
2025-02-15 16:16:36,630 - INFO - Episode data saved successfully
2025-02-15 16:16:36,631 - INFO - Q-table saved successfully
2025-02-15 16:16:39,294 - INFO - Episode complete! Total reward: -8755.162403583527
2025-02-15 16:16:39,295 - INFO - Episode data saved successfully
2025-02-15 16:16:39,296 - INFO - Q-table saved successfully
2025-02-15 16:16:41,941 - INFO - Episode complete! Total reward: -8706.383056640625
2025-02-15 16:16:41,948 - INFO - Episode data saved successfully
2025-02-15 16:16:41,978 - INFO - Q-table saved successfully
2025-02-15 16:16:44,649 - INFO - Episode complete! Total reward: -8604.741039276123
2025-02-15 16:16:44,651 - INFO - Episode data saved successfully
2025-02-15 16:16:44,653 - INFO - Q-table saved successfully
2025-02-15 16:16:47,436 - INFO - Episode complete! Total reward: -8798.157458305359
2025-02-15 16:16:47,437 - INFO - Episode data saved successfully
2025-02-15 16:16:47,439 - INFO - Q-table saved successfully
2025-02-15 16:16:50,092 - INFO - Episode complete! Total reward: -8758.456199169159
2025-02-15 16:16:50,093 - INFO - Episode data saved successfully
2025-02-15 16:16:50,094 - INFO - Q-table saved successfully
2025-02-15 16:16:52,932 - INFO - Episode complete! Total reward: -8646.951839923859
2025-02-15 16:16:52,934 - INFO - Episode data saved successfully
2025-02-15 16:16:52,936 - INFO - Q-table saved successfully
2025-02-15 16:17:07,400 - INFO - Episode complete! Total reward: -8289.346599578857
2025-02-15 16:17:07,403 - INFO - Episode data saved successfully
2025-02-15 16:17:07,405 - INFO - Q-table saved successfully
2025-02-15 16:17:10,326 - INFO - Episode complete! Total reward: -8742.231607437134
2025-02-15 16:17:10,329 - INFO - Episode data saved successfully
2025-02-15 16:17:10,331 - INFO - Q-table saved successfully
2025-02-15 16:17:13,210 - INFO - Episode complete! Total reward: -8742.233588695526
2025-02-15 16:17:13,212 - INFO - Episode data saved successfully
2025-02-15 16:17:13,213 - INFO - Q-table saved successfully
2025-02-15 16:17:16,063 - INFO - Episode complete! Total reward: -8643.824079036713
2025-02-15 16:17:16,065 - INFO - Episode data saved successfully
2025-02-15 16:17:16,067 - INFO - Q-table saved successfully
2025-02-15 16:17:18,721 - INFO - Episode complete! Total reward: -8755.860133171082
2025-02-15 16:17:18,723 - INFO - Episode data saved successfully
2025-02-15 16:17:18,724 - INFO - Q-table saved successfully
2025-02-15 16:17:21,423 - INFO - Episode complete! Total reward: -8656.017100811005
2025-02-15 16:17:21,424 - INFO - Episode data saved successfully
2025-02-15 16:17:21,425 - INFO - Q-table saved successfully
2025-02-15 16:17:24,109 - INFO - Episode complete! Total reward: -8756.66461467743
2025-02-15 16:17:24,111 - INFO - Episode data saved successfully
2025-02-15 16:17:24,113 - INFO - Q-table saved successfully
2025-02-15 16:17:27,059 - INFO - Episode complete! Total reward: -8688.10870885849
2025-02-15 16:17:27,061 - INFO - Episode data saved successfully
2025-02-15 16:17:27,063 - INFO - Q-table saved successfully
2025-02-15 16:17:29,708 - INFO - Episode complete! Total reward: -8806.225094795227
2025-02-15 16:17:29,710 - INFO - Episode data saved successfully
2025-02-15 16:17:29,711 - INFO - Q-table saved successfully
2025-02-15 16:17:32,359 - INFO - Episode complete! Total reward: -8756.033346652985
2025-02-15 16:17:32,361 - INFO - Episode data saved successfully
2025-02-15 16:17:32,362 - INFO - Q-table saved successfully
2025-02-15 16:17:35,204 - INFO - Episode complete! Total reward: -8744.314374923706
2025-02-15 16:17:35,205 - INFO - Episode data saved successfully
2025-02-15 16:17:35,207 - INFO - Q-table saved successfully
2025-02-15 16:17:38,143 - INFO - Episode complete! Total reward: -8691.297311782837
2025-02-15 16:17:38,145 - INFO - Episode data saved successfully
2025-02-15 16:17:38,146 - INFO - Q-table saved successfully
2025-02-15 16:17:40,786 - INFO - Episode complete! Total reward: -8806.888253688812
2025-02-15 16:17:40,788 - INFO - Episode data saved successfully
2025-02-15 16:17:40,789 - INFO - Q-table saved successfully
2025-02-15 16:17:43,452 - INFO - Episode complete! Total reward: -8707.953472137451
2025-02-15 16:17:43,454 - INFO - Episode data saved successfully
2025-02-15 16:17:43,455 - INFO - Q-table saved successfully
2025-02-15 16:17:46,093 - INFO - Episode complete! Total reward: -8806.536481380463
2025-02-15 16:17:46,095 - INFO - Episode data saved successfully
2025-02-15 16:17:46,096 - INFO - Q-table saved successfully
2025-02-15 16:17:48,730 - INFO - Episode complete! Total reward: -8757.357695102692
2025-02-15 16:17:48,733 - INFO - Episode data saved successfully
2025-02-15 16:17:48,736 - INFO - Q-table saved successfully
2025-02-15 16:17:51,395 - INFO - Episode complete! Total reward: -8605.387206077576
2025-02-15 16:17:51,397 - INFO - Episode data saved successfully
2025-02-15 16:17:51,399 - INFO - Q-table saved successfully
2025-02-15 16:17:54,246 - INFO - Episode complete! Total reward: -8693.676619529724
2025-02-15 16:17:54,249 - INFO - Episode data saved successfully
2025-02-15 16:17:54,251 - INFO - Q-table saved successfully
2025-02-15 16:17:56,907 - INFO - Episode complete! Total reward: -8879.946196079254
2025-02-15 16:17:56,908 - INFO - Episode data saved successfully
2025-02-15 16:17:56,909 - INFO - Q-table saved successfully
2025-02-15 16:17:59,863 - INFO - Episode complete! Total reward: -8790.18661737442
2025-02-15 16:17:59,865 - INFO - Episode data saved successfully
2025-02-15 16:17:59,867 - INFO - Q-table saved successfully
2025-02-15 16:18:02,528 - INFO - Episode complete! Total reward: -8805.246367454529
2025-02-15 16:18:02,540 - INFO - Episode data saved successfully
2025-02-15 16:18:02,543 - INFO - Q-table saved successfully
2025-02-15 16:18:05,210 - INFO - Episode complete! Total reward: -8805.03674030304
2025-02-15 16:18:05,212 - INFO - Episode data saved successfully
2025-02-15 16:18:05,214 - INFO - Q-table saved successfully
2025-02-15 16:18:07,876 - INFO - Episode complete! Total reward: -8879.567265510559
2025-02-15 16:18:07,878 - INFO - Episode data saved successfully
2025-02-15 16:18:07,880 - INFO - Q-table saved successfully
2025-02-15 16:18:10,764 - INFO - Episode complete! Total reward: -8868.6168551445
2025-02-15 16:18:10,766 - INFO - Episode data saved successfully
2025-02-15 16:18:10,768 - INFO - Q-table saved successfully
2025-02-15 16:18:13,408 - INFO - Episode complete! Total reward: -8880.575847625732
2025-02-15 16:18:13,410 - INFO - Episode data saved successfully
2025-02-15 16:18:13,412 - INFO - Q-table saved successfully
2025-02-15 16:18:16,205 - INFO - Episode complete! Total reward: -8747.369878292084
2025-02-15 16:18:16,207 - INFO - Episode data saved successfully
2025-02-15 16:18:16,209 - INFO - Q-table saved successfully
2025-02-15 16:18:19,025 - INFO - Episode complete! Total reward: -8874.1534948349
2025-02-15 16:18:19,027 - INFO - Episode data saved successfully
2025-02-15 16:18:19,029 - INFO - Q-table saved successfully
2025-02-15 16:18:21,829 - INFO - Episode complete! Total reward: -8697.102239131927
2025-02-15 16:18:21,831 - INFO - Episode data saved successfully
2025-02-15 16:18:21,833 - INFO - Q-table saved successfully
2025-02-15 16:18:24,481 - INFO - Episode complete! Total reward: -8880.15331029892
2025-02-15 16:18:24,483 - INFO - Episode data saved successfully
2025-02-15 16:18:24,485 - INFO - Q-table saved successfully
2025-02-15 16:18:27,298 - INFO - Episode complete! Total reward: -8646.009795665741
2025-02-15 16:18:27,300 - INFO - Episode data saved successfully
2025-02-15 16:18:27,302 - INFO - Q-table saved successfully
2025-02-15 16:18:29,954 - INFO - Episode complete! Total reward: -8755.77292919159
2025-02-15 16:18:29,956 - INFO - Episode data saved successfully
2025-02-15 16:18:29,957 - INFO - Q-table saved successfully
2025-02-15 16:18:32,809 - INFO - Episode complete! Total reward: -8746.044602394104
2025-02-15 16:18:32,811 - INFO - Episode data saved successfully
2025-02-15 16:18:32,812 - INFO - Q-table saved successfully
2025-02-15 16:18:35,624 - INFO - Episode complete! Total reward: -8646.123366355896
2025-02-15 16:18:35,626 - INFO - Episode data saved successfully
2025-02-15 16:18:35,627 - INFO - Q-table saved successfully
2025-02-15 16:18:38,308 - INFO - Episode complete! Total reward: -8704.245300292969
2025-02-15 16:18:38,309 - INFO - Episode data saved successfully
2025-02-15 16:18:38,311 - INFO - Q-table saved successfully
2025-02-15 16:18:40,974 - INFO - Episode complete! Total reward: -8879.598152637482
2025-02-15 16:18:40,977 - INFO - Episode data saved successfully
2025-02-15 16:18:40,979 - INFO - Q-table saved successfully
2025-02-15 16:18:43,636 - INFO - Episode complete! Total reward: -8755.108983516693
2025-02-15 16:18:43,638 - INFO - Episode data saved successfully
2025-02-15 16:18:43,639 - INFO - Q-table saved successfully
2025-02-15 16:18:46,291 - INFO - Episode complete! Total reward: -8879.83990907669
2025-02-15 16:18:46,293 - INFO - Episode data saved successfully
2025-02-15 16:18:46,294 - INFO - Q-table saved successfully
2025-02-15 16:18:49,207 - INFO - Episode complete! Total reward: -8740.263631343842
2025-02-15 16:18:49,209 - INFO - Episode data saved successfully
2025-02-15 16:18:49,211 - INFO - Q-table saved successfully
2025-02-15 16:18:52,038 - INFO - Episode complete! Total reward: -8795.301396846771
2025-02-15 16:18:52,040 - INFO - Episode data saved successfully
2025-02-15 16:18:52,043 - INFO - Q-table saved successfully
2025-02-15 16:18:54,689 - INFO - Episode complete! Total reward: -8880.501890182495
2025-02-15 16:18:54,691 - INFO - Episode data saved successfully
2025-02-15 16:18:54,692 - INFO - Q-table saved successfully
2025-02-15 16:18:57,545 - INFO - Episode complete! Total reward: -8874.403405189514
2025-02-15 16:18:57,548 - INFO - Episode data saved successfully
2025-02-15 16:18:57,551 - INFO - Q-table saved successfully
2025-02-15 16:19:00,199 - INFO - Episode complete! Total reward: -8756.08017206192
2025-02-15 16:19:00,202 - INFO - Episode data saved successfully
2025-02-15 16:19:00,203 - INFO - Q-table saved successfully
2025-02-15 16:19:03,051 - INFO - Episode complete! Total reward: -8745.374121665955
2025-02-15 16:19:03,053 - INFO - Episode data saved successfully
2025-02-15 16:19:03,054 - INFO - Q-table saved successfully
2025-02-15 16:19:05,828 - INFO - Episode complete! Total reward: -8798.289494514465
2025-02-15 16:19:05,829 - INFO - Episode data saved successfully
2025-02-15 16:19:05,830 - INFO - Q-table saved successfully
2025-02-15 16:19:08,496 - INFO - Episode complete! Total reward: -8879.247093200684
2025-02-15 16:19:08,497 - INFO - Episode data saved successfully
2025-02-15 16:19:08,499 - INFO - Q-table saved successfully
2025-02-15 16:19:11,147 - INFO - Episode complete! Total reward: -8880.322003364563
2025-02-15 16:19:11,149 - INFO - Episode data saved successfully
2025-02-15 16:19:11,152 - INFO - Q-table saved successfully
2025-02-15 16:19:14,031 - INFO - Episode complete! Total reward: -8795.7395362854
2025-02-15 16:19:14,033 - INFO - Episode data saved successfully
2025-02-15 16:19:14,034 - INFO - Q-table saved successfully
2025-02-15 16:19:16,679 - INFO - Episode complete! Total reward: -8655.952022075653
2025-02-15 16:19:16,682 - INFO - Episode data saved successfully
2025-02-15 16:19:16,684 - INFO - Q-table saved successfully
2025-02-15 16:19:19,340 - INFO - Episode complete! Total reward: -8705.420920848846
2025-02-15 16:19:19,342 - INFO - Episode data saved successfully
2025-02-15 16:19:19,343 - INFO - Q-table saved successfully
2025-02-15 16:19:22,007 - INFO - Episode complete! Total reward: -8754.998517036438
2025-02-15 16:19:22,008 - INFO - Episode data saved successfully
2025-02-15 16:19:22,010 - INFO - Q-table saved successfully
2025-02-15 16:19:24,649 - INFO - Episode complete! Total reward: -8656.495666503906
2025-02-15 16:19:24,650 - INFO - Episode data saved successfully
2025-02-15 16:19:24,652 - INFO - Q-table saved successfully
2025-02-15 16:19:27,316 - INFO - Episode complete! Total reward: -8654.725058078766
2025-02-15 16:19:27,318 - INFO - Episode data saved successfully
2025-02-15 16:19:27,319 - INFO - Q-table saved successfully
2025-02-15 16:19:29,974 - INFO - Episode complete! Total reward: -8655.501689910889
2025-02-15 16:19:29,976 - INFO - Episode data saved successfully
2025-02-15 16:19:29,977 - INFO - Q-table saved successfully
2025-02-15 16:19:32,631 - INFO - Episode complete! Total reward: -8655.276510715485
2025-02-15 16:19:32,633 - INFO - Episode data saved successfully
2025-02-15 16:19:32,634 - INFO - Q-table saved successfully
2025-02-15 16:19:35,275 - INFO - Episode complete! Total reward: -8656.407353878021
2025-02-15 16:19:35,277 - INFO - Episode data saved successfully
2025-02-15 16:19:35,279 - INFO - Q-table saved successfully
2025-02-15 16:19:48,623 - INFO - Episode complete! Total reward: -8014.045729637146
2025-02-15 16:19:48,627 - INFO - Episode data saved successfully
2025-02-15 16:19:48,631 - INFO - Q-table saved successfully
2025-02-15 16:20:04,905 - INFO - Episode complete! Total reward: -7938.362057209015
2025-02-15 16:20:04,912 - INFO - Episode data saved successfully
2025-02-15 16:20:04,916 - INFO - Q-table saved successfully
2025-02-15 16:35:29,126 - INFO - Episode complete! Total reward: -361.13620042800903
2025-02-15 16:35:29,149 - INFO - Episode data saved successfully
2025-02-15 16:35:29,243 - INFO - Q-table saved successfully
2025-02-15 16:53:17,092 - INFO - Episode complete! Total reward: 875.2025294303894
2025-02-15 16:53:17,154 - INFO - Episode data saved successfully
2025-02-15 16:53:17,155 - INFO - Q-table saved successfully
2025-02-15 17:10:35,979 - INFO - Episode complete! Total reward: 834.9932312965393
2025-02-15 17:10:36,082 - INFO - Episode data saved successfully
2025-02-15 17:10:36,096 - INFO - Q-table saved successfully
2025-02-15 17:28:30,953 - INFO - Episode complete! Total reward: 1095.486238002777
2025-02-15 17:28:31,038 - INFO - Episode data saved successfully
2025-02-15 17:28:31,054 - INFO - Q-table saved successfully
2025-02-15 17:44:17,921 - INFO - Episode complete! Total reward: 396.9161081314087
2025-02-15 17:44:18,035 - INFO - Episode data saved successfully
2025-02-15 17:44:18,052 - INFO - Q-table saved successfully
2025-02-15 18:02:03,903 - INFO - Episode complete! Total reward: 1106.2929677963257
2025-02-15 18:02:03,988 - INFO - Episode data saved successfully
2025-02-15 18:02:03,991 - INFO - Q-table saved successfully
2025-02-15 18:17:24,880 - INFO - Episode complete! Total reward: -344.09557819366455
2025-02-15 18:17:24,966 - INFO - Episode data saved successfully
2025-02-15 18:17:24,985 - INFO - Q-table saved successfully
2025-02-15 18:21:02,881 - INFO - Episode complete! Total reward: -7723.302729129791
2025-02-15 18:21:02,962 - INFO - Episode data saved successfully
2025-02-15 18:21:02,965 - INFO - Q-table saved successfully
2025-02-15 18:21:12,079 - INFO - Episode complete! Total reward: -8557.708609104156
2025-02-15 18:21:12,082 - INFO - Episode data saved successfully
2025-02-15 18:21:12,084 - INFO - Q-table saved successfully
2025-02-15 18:31:39,064 - INFO - Episode complete! Total reward: -3432.477972507477
2025-02-15 18:31:39,161 - INFO - Episode data saved successfully
2025-02-15 18:31:39,176 - INFO - Q-table saved successfully
2025-02-15 18:31:45,359 - INFO - Episode complete! Total reward: -8703.482639789581
2025-02-15 18:31:45,363 - INFO - Episode data saved successfully
2025-02-15 18:31:45,366 - INFO - Q-table saved successfully
2025-02-15 18:31:57,105 - INFO - Episode complete! Total reward: -8425.720596313477
2025-02-15 18:31:57,109 - INFO - Episode data saved successfully
2025-02-15 18:31:57,111 - INFO - Q-table saved successfully
2025-02-15 18:32:06,106 - INFO - Episode complete! Total reward: -8563.283860683441
2025-02-15 18:32:06,109 - INFO - Episode data saved successfully
2025-02-15 18:32:06,111 - INFO - Q-table saved successfully
2025-02-15 18:39:13,486 - INFO - Episode complete! Total reward: -10000.0
2025-02-15 18:39:13,488 - INFO - Episode data saved successfully
2025-02-15 18:39:13,490 - INFO - Q-table saved successfully
2025-02-15 18:39:18,714 - ERROR - Error updating Q-value: 'd'
2025-02-15 18:40:11,154 - INFO - Episode complete! Total reward: -15510.08759021759
2025-02-15 18:40:11,201 - INFO - Episode data saved successfully
2025-02-15 18:40:11,204 - INFO - Q-table saved successfully
2025-02-15 18:40:46,832 - INFO - Episode complete! Total reward: -7232.470953464508
2025-02-15 18:40:46,837 - INFO - Episode data saved successfully
2025-02-15 18:40:46,840 - INFO - Q-table saved successfully
2025-02-15 18:46:20,894 - INFO - Episode complete! Total reward: -6212.141659259796
2025-02-15 18:46:20,966 - INFO - Episode data saved successfully
2025-02-15 18:46:20,971 - INFO - Q-table saved successfully
2025-02-15 18:46:30,644 - INFO - Episode complete! Total reward: -8529.867458343506
2025-02-15 18:46:30,647 - INFO - Episode data saved successfully
2025-02-15 18:46:30,649 - INFO - Q-table saved successfully
2025-02-15 19:02:47,834 - INFO - Episode complete! Total reward: 69.44342851638794
2025-02-15 19:02:47,935 - INFO - Episode data saved successfully
2025-02-15 19:02:47,941 - INFO - Q-table saved successfully
2025-02-15 19:19:11,780 - INFO - Episode complete! Total reward: 146.37792825698853
2025-02-15 19:19:11,908 - INFO - Episode data saved successfully
2025-02-15 19:19:11,911 - INFO - Q-table saved successfully
2025-02-15 19:22:05,122 - INFO - Episode complete! Total reward: -8576.507415771484
2025-02-15 19:22:05,124 - INFO - Episode data saved successfully
2025-02-15 19:22:05,126 - INFO - Q-table saved successfully
2025-02-15 19:22:17,267 - INFO - Episode complete! Total reward: -8237.21118927002
2025-02-15 19:22:17,270 - INFO - Episode data saved successfully
2025-02-15 19:22:17,272 - INFO - Q-table saved successfully
2025-02-15 19:37:27,765 - INFO - Episode complete! Total reward: -697.4103379249573
2025-02-15 19:37:27,843 - INFO - Episode data saved successfully
2025-02-15 19:37:27,852 - INFO - Q-table saved successfully
2025-02-15 19:37:31,787 - INFO - Episode complete! Total reward: -8731.17627620697
2025-02-15 19:37:31,794 - INFO - Episode data saved successfully
2025-02-15 19:37:31,799 - INFO - Q-table saved successfully
2025-02-15 19:52:57,727 - INFO - Episode complete! Total reward: 0.0
2025-02-15 19:52:57,820 - INFO - Episode data saved successfully
2025-02-15 19:52:57,840 - INFO - Q-table saved successfully
2025-02-15 19:53:00,507 - INFO - Episode complete! Total reward: -8881.541502475739
2025-02-15 19:53:00,509 - INFO - Episode data saved successfully
2025-02-15 19:53:00,512 - INFO - Q-table saved successfully
2025-02-15 20:08:37,718 - INFO - Episode complete! Total reward: -580.1161408424377
2025-02-15 20:08:37,797 - INFO - Episode data saved successfully
2025-02-15 20:08:37,821 - INFO - Q-table saved successfully
2025-02-15 20:08:40,516 - INFO - Episode complete! Total reward: -8804.26404953003
2025-02-15 20:08:40,519 - INFO - Episode data saved successfully
2025-02-15 20:08:40,521 - INFO - Q-table saved successfully
2025-02-15 20:23:03,696 - INFO - Episode complete! Total reward: -1320.9735894203186
2025-02-15 20:23:03,774 - INFO - Episode data saved successfully
2025-02-15 20:23:03,824 - INFO - Q-table saved successfully
2025-02-15 20:23:06,465 - INFO - Episode complete! Total reward: -8806.377952098846
2025-02-15 20:23:06,467 - INFO - Episode data saved successfully
2025-02-15 20:23:06,469 - INFO - Q-table saved successfully
2025-02-15 20:23:09,140 - INFO - Episode complete! Total reward: -8879.43184375763
2025-02-15 20:23:09,141 - INFO - Episode data saved successfully
2025-02-15 20:23:09,142 - INFO - Q-table saved successfully
2025-02-15 20:23:11,937 - INFO - Episode complete! Total reward: -8873.896861076355
2025-02-15 20:23:11,938 - INFO - Episode data saved successfully
2025-02-15 20:23:11,940 - INFO - Q-table saved successfully
2025-02-15 20:23:14,774 - INFO - Episode complete! Total reward: -8645.758147239685
2025-02-15 20:23:14,776 - INFO - Episode data saved successfully
2025-02-15 20:23:14,778 - INFO - Q-table saved successfully
2025-02-15 20:23:17,433 - INFO - Episode complete! Total reward: -8705.946950912476
2025-02-15 20:23:17,435 - INFO - Episode data saved successfully
2025-02-15 20:23:17,436 - INFO - Q-table saved successfully
2025-02-15 20:23:21,972 - INFO - Episode complete! Total reward: -8644.120576381683
2025-02-15 20:23:21,973 - INFO - Episode data saved successfully
2025-02-15 20:23:21,974 - INFO - Q-table saved successfully
2025-02-15 20:23:24,785 - INFO - Episode complete! Total reward: -8596.856350898743
2025-02-15 20:23:24,786 - INFO - Episode data saved successfully
2025-02-15 20:23:24,787 - INFO - Q-table saved successfully
2025-02-15 20:41:25,645 - INFO - Episode complete! Total reward: -10000.0
2025-02-15 20:41:25,760 - INFO - Episode data saved successfully
2025-02-15 20:41:25,779 - INFO - Q-table saved successfully
2025-02-15 20:58:50,635 - INFO - Episode complete! Total reward: 696.1553573608398
2025-02-15 20:58:50,685 - INFO - Episode data saved successfully
2025-02-15 20:58:50,687 - INFO - Q-table saved successfully
2025-02-15 21:14:08,596 - INFO - Episode complete! Total reward: -473.326621055603
2025-02-15 21:14:08,646 - INFO - Episode data saved successfully
2025-02-15 21:14:08,651 - INFO - Q-table saved successfully
2025-02-15 21:14:11,473 - INFO - Episode complete! Total reward: -8871.919250488281
2025-02-15 21:14:11,474 - INFO - Episode data saved successfully
2025-02-15 21:14:11,475 - INFO - Q-table saved successfully
2025-02-15 21:24:03,563 - INFO - Episode complete! Total reward: -10000.0
2025-02-15 21:24:03,631 - INFO - Episode data saved successfully
2025-02-15 21:24:03,631 - INFO - Q-table saved successfully
2025-02-15 21:24:13,796 - INFO - Episode complete! Total reward: -8205.519406795502
2025-02-15 21:24:13,798 - INFO - Episode data saved successfully
2025-02-15 21:24:13,800 - INFO - Q-table saved successfully
2025-02-15 21:24:18,403 - INFO - Episode complete! Total reward: -8539.445266723633
2025-02-15 21:24:18,405 - INFO - Episode data saved successfully
2025-02-15 21:24:18,408 - INFO - Q-table saved successfully
2025-02-15 21:24:21,082 - INFO - Episode complete! Total reward: -8804.95416879654
2025-02-15 21:24:21,085 - INFO - Episode data saved successfully
2025-02-15 21:24:21,087 - INFO - Q-table saved successfully
2025-02-15 21:24:23,721 - INFO - Episode complete! Total reward: -8657.08220243454
2025-02-15 21:24:23,723 - INFO - Episode data saved successfully
2025-02-15 21:24:23,724 - INFO - Q-table saved successfully
2025-02-15 21:24:26,573 - INFO - Episode complete! Total reward: -8694.407150745392
2025-02-15 21:24:26,575 - INFO - Episode data saved successfully
2025-02-15 21:24:26,577 - INFO - Q-table saved successfully
2025-02-15 21:40:19,530 - INFO - Episode complete! Total reward: -122.65873908996582
2025-02-15 21:40:19,613 - INFO - Episode data saved successfully
2025-02-15 21:40:19,679 - INFO - Q-table saved successfully
2025-02-15 21:55:48,558 - INFO - Episode complete! Total reward: -363.63435983657837
2025-02-15 21:55:48,590 - INFO - Episode data saved successfully
2025-02-15 21:55:48,660 - INFO - Q-table saved successfully
2025-02-15 21:55:51,660 - INFO - Episode complete! Total reward: -8585.04024028778
2025-02-15 21:55:51,689 - INFO - Episode data saved successfully
2025-02-15 21:55:51,691 - INFO - Q-table saved successfully
2025-02-15 21:55:54,562 - INFO - Episode complete! Total reward: -8693.737165927887
2025-02-15 21:55:54,566 - INFO - Episode data saved successfully
2025-02-15 21:55:54,568 - INFO - Q-table saved successfully
2025-02-15 21:55:57,269 - INFO - Episode complete! Total reward: -8706.2841963768
2025-02-15 21:55:57,271 - INFO - Episode data saved successfully
2025-02-15 21:55:57,273 - INFO - Q-table saved successfully
2025-02-15 21:55:59,923 - INFO - Episode complete! Total reward: -8806.942822933197
2025-02-15 21:55:59,927 - INFO - Episode data saved successfully
2025-02-15 21:55:59,930 - INFO - Q-table saved successfully
2025-02-15 21:56:02,610 - INFO - Episode complete! Total reward: -8754.928619861603
2025-02-15 21:56:02,611 - INFO - Episode data saved successfully
2025-02-15 21:56:02,612 - INFO - Q-table saved successfully
2025-02-15 21:56:05,287 - INFO - Episode complete! Total reward: -8705.615108013153
2025-02-15 21:56:05,289 - INFO - Episode data saved successfully
2025-02-15 21:56:05,290 - INFO - Q-table saved successfully
2025-02-15 21:56:07,937 - INFO - Episode complete! Total reward: -8657.009949684143
2025-02-15 21:56:07,939 - INFO - Episode data saved successfully
2025-02-15 21:56:07,940 - INFO - Q-table saved successfully
2025-02-15 21:56:10,639 - INFO - Episode complete! Total reward: -8707.017333507538
2025-02-15 21:56:10,640 - INFO - Episode data saved successfully
2025-02-15 21:56:10,641 - INFO - Q-table saved successfully
2025-02-15 21:56:13,322 - INFO - Episode complete! Total reward: -8704.813361167908
2025-02-15 21:56:13,323 - INFO - Episode data saved successfully
2025-02-15 21:56:13,324 - INFO - Q-table saved successfully
2025-02-15 21:56:16,363 - INFO - Episode complete! Total reward: -8860.89894771576
2025-02-15 21:56:16,366 - INFO - Episode data saved successfully
2025-02-15 21:56:16,368 - INFO - Q-table saved successfully
2025-02-15 22:11:40,507 - INFO - Episode complete! Total reward: -710.9008312225342
2025-02-15 22:11:40,650 - INFO - Episode data saved successfully
2025-02-15 22:11:40,657 - INFO - Q-table saved successfully
2025-02-15 22:11:43,308 - INFO - Episode complete! Total reward: -8757.001419067383
2025-02-15 22:11:43,311 - INFO - Episode data saved successfully
2025-02-15 22:11:43,319 - INFO - Q-table saved successfully
2025-02-15 22:25:03,460 - INFO - Episode complete! Total reward: 220.2497410774231
2025-02-15 22:25:03,542 - INFO - Episode data saved successfully
2025-02-15 22:25:03,544 - INFO - Q-table saved successfully
2025-02-15 22:25:06,378 - INFO - Episode complete! Total reward: -8745.761198997498
2025-02-15 22:25:06,379 - INFO - Episode data saved successfully
2025-02-15 22:25:06,380 - INFO - Q-table saved successfully
2025-02-15 22:25:09,044 - INFO - Episode complete! Total reward: -8755.7417345047
2025-02-15 22:25:09,046 - INFO - Episode data saved successfully
2025-02-15 22:25:09,049 - INFO - Q-table saved successfully
2025-02-15 22:25:11,762 - INFO - Episode complete! Total reward: -8709.639875888824
2025-02-15 22:25:11,764 - INFO - Episode data saved successfully
2025-02-15 22:25:11,765 - INFO - Q-table saved successfully
2025-02-15 22:25:14,444 - INFO - Episode complete! Total reward: -8704.778425693512
2025-02-15 22:25:14,446 - INFO - Episode data saved successfully
2025-02-15 22:25:14,448 - INFO - Q-table saved successfully
2025-02-15 22:25:17,100 - INFO - Episode complete! Total reward: -8756.392228603363
2025-02-15 22:25:17,103 - INFO - Episode data saved successfully
2025-02-15 22:25:17,106 - INFO - Q-table saved successfully
2025-02-15 22:25:19,909 - INFO - Episode complete! Total reward: -8746.819779872894
2025-02-15 22:25:19,910 - INFO - Episode data saved successfully
2025-02-15 22:25:19,911 - INFO - Q-table saved successfully
2025-02-15 22:25:22,567 - INFO - Episode complete! Total reward: -8756.636831760406
2025-02-15 22:25:22,569 - INFO - Episode data saved successfully
2025-02-15 22:25:22,571 - INFO - Q-table saved successfully
2025-02-15 22:25:25,368 - INFO - Episode complete! Total reward: -8797.251093387604
2025-02-15 22:25:25,370 - INFO - Episode data saved successfully
2025-02-15 22:25:25,373 - INFO - Q-table saved successfully
2025-02-15 22:25:28,034 - INFO - Episode complete! Total reward: -8755.811648368835
2025-02-15 22:25:28,036 - INFO - Episode data saved successfully
2025-02-15 22:25:28,039 - INFO - Q-table saved successfully
2025-02-15 22:25:30,816 - INFO - Episode complete! Total reward: -8648.27412366867
2025-02-15 22:25:30,819 - INFO - Episode data saved successfully
2025-02-15 22:25:30,821 - INFO - Q-table saved successfully
2025-02-15 22:42:32,498 - INFO - Episode complete! Total reward: 614.3994188308716
2025-02-15 22:42:32,528 - INFO - Episode data saved successfully
2025-02-15 22:42:32,567 - INFO - Q-table saved successfully
2025-02-15 22:42:35,295 - INFO - Episode complete! Total reward: -8758.80231142044
2025-02-15 22:42:35,299 - INFO - Episode data saved successfully
2025-02-15 22:42:35,301 - INFO - Q-table saved successfully
2025-02-15 22:58:29,447 - INFO - Episode complete! Total reward: -160.94639778137207
2025-02-15 22:58:29,488 - INFO - Episode data saved successfully
2025-02-15 22:58:29,494 - INFO - Q-table saved successfully
2025-02-15 23:14:00,417 - INFO - Episode complete! Total reward: -293.9258074760437
2025-02-15 23:14:00,461 - INFO - Episode data saved successfully
2025-02-15 23:14:00,466 - INFO - Q-table saved successfully
2025-02-15 23:26:03,345 - INFO - Episode complete! Total reward: -2624.455409049988
2025-02-15 23:26:03,440 - INFO - Episode data saved successfully
2025-02-15 23:26:03,506 - INFO - Q-table saved successfully
2025-02-15 23:26:10,700 - INFO - Episode complete! Total reward: -8489.742097854614
2025-02-15 23:26:10,704 - INFO - Episode data saved successfully
2025-02-15 23:26:10,706 - INFO - Q-table saved successfully
2025-02-15 23:42:02,316 - INFO - Episode complete! Total reward: -36.1254096031189
2025-02-15 23:42:02,393 - INFO - Episode data saved successfully
2025-02-15 23:42:02,398 - INFO - Q-table saved successfully
2025-02-15 23:58:54,374 - INFO - Episode complete! Total reward: 367.1899628639221
2025-02-15 23:58:54,394 - INFO - Episode data saved successfully
2025-02-15 23:58:54,396 - INFO - Q-table saved successfully
2025-02-16 00:16:21,379 - INFO - Episode complete! Total reward: 566.8576121330261
2025-02-16 00:16:21,381 - INFO - Episode data saved successfully
2025-02-16 00:16:21,382 - INFO - Q-table saved successfully
2025-02-16 00:18:54,431 - INFO - Episode complete! Total reward: -11364.724349975586
2025-02-16 00:18:54,437 - INFO - Episode data saved successfully
2025-02-16 00:18:54,447 - INFO - Q-table saved successfully
2025-02-16 00:27:03,261 - INFO - Episode complete! Total reward: -13581.626088619232
2025-02-16 00:27:03,303 - INFO - Episode data saved successfully
2025-02-16 00:27:03,372 - INFO - Q-table saved successfully
2025-02-16 00:27:07,993 - INFO - Episode complete! Total reward: -8592.081007957458
2025-02-16 00:27:07,995 - INFO - Episode data saved successfully
2025-02-16 00:27:07,996 - INFO - Q-table saved successfully
2025-02-16 00:27:10,680 - INFO - Episode complete! Total reward: -8705.667324066162
2025-02-16 00:27:10,681 - INFO - Episode data saved successfully
2025-02-16 00:27:10,683 - INFO - Q-table saved successfully
2025-02-16 00:27:13,362 - INFO - Episode complete! Total reward: -8805.364291667938
2025-02-16 00:27:13,364 - INFO - Episode data saved successfully
2025-02-16 00:27:13,365 - INFO - Q-table saved successfully
2025-02-16 00:27:17,947 - INFO - Episode complete! Total reward: -8541.026699543
2025-02-16 00:27:17,950 - INFO - Episode data saved successfully
2025-02-16 00:27:17,951 - INFO - Q-table saved successfully
2025-02-16 00:27:20,598 - INFO - Episode complete! Total reward: -8757.66799211502
2025-02-16 00:27:20,600 - INFO - Episode data saved successfully
2025-02-16 00:27:20,602 - INFO - Q-table saved successfully
2025-02-16 00:27:23,408 - INFO - Episode complete! Total reward: -8647.337775230408
2025-02-16 00:27:23,410 - INFO - Episode data saved successfully
2025-02-16 00:27:23,411 - INFO - Q-table saved successfully
2025-02-16 00:27:26,082 - INFO - Episode complete! Total reward: -8658.563733100891
2025-02-16 00:27:26,083 - INFO - Episode data saved successfully
2025-02-16 00:27:26,084 - INFO - Q-table saved successfully
2025-02-16 00:27:28,785 - INFO - Episode complete! Total reward: -8757.085981369019
2025-02-16 00:27:28,786 - INFO - Episode data saved successfully
2025-02-16 00:27:28,787 - INFO - Q-table saved successfully
2025-02-16 00:27:31,625 - INFO - Episode complete! Total reward: -8645.991265773773
2025-02-16 00:27:31,627 - INFO - Episode data saved successfully
2025-02-16 00:27:31,629 - INFO - Q-table saved successfully
2025-02-16 00:27:34,292 - INFO - Episode complete! Total reward: -8758.027455806732
2025-02-16 00:27:34,295 - INFO - Episode data saved successfully
2025-02-16 00:27:34,296 - INFO - Q-table saved successfully
2025-02-16 00:27:37,175 - INFO - Episode complete! Total reward: -8745.552871227264
2025-02-16 00:27:37,177 - INFO - Episode data saved successfully
2025-02-16 00:27:37,179 - INFO - Q-table saved successfully
2025-02-16 00:27:40,019 - INFO - Episode complete! Total reward: -8797.897598743439
2025-02-16 00:27:40,021 - INFO - Episode data saved successfully
2025-02-16 00:27:40,022 - INFO - Q-table saved successfully
2025-02-16 00:27:42,693 - INFO - Episode complete! Total reward: -8880.226016044617
2025-02-16 00:27:42,695 - INFO - Episode data saved successfully
2025-02-16 00:27:42,696 - INFO - Q-table saved successfully
2025-02-16 00:27:45,534 - INFO - Episode complete! Total reward: -8745.499746799469
2025-02-16 00:27:45,536 - INFO - Episode data saved successfully
2025-02-16 00:27:45,537 - INFO - Q-table saved successfully
2025-02-16 00:27:48,421 - INFO - Episode complete! Total reward: -8795.566413402557
2025-02-16 00:27:48,422 - INFO - Episode data saved successfully
2025-02-16 00:27:48,424 - INFO - Q-table saved successfully
2025-02-16 00:43:46,259 - INFO - Episode complete! Total reward: -10000.0
2025-02-16 00:43:46,279 - INFO - Episode data saved successfully
2025-02-16 00:43:46,344 - INFO - Q-table saved successfully
2025-02-16 00:43:49,028 - INFO - Episode complete! Total reward: -8879.172050952911
2025-02-16 00:43:49,029 - INFO - Episode data saved successfully
2025-02-16 00:43:49,032 - INFO - Q-table saved successfully
2025-02-16 01:01:28,286 - INFO - Episode complete! Total reward: -10000.0
2025-02-16 01:01:28,317 - INFO - Episode data saved successfully
2025-02-16 01:01:28,324 - INFO - Q-table saved successfully
2025-02-16 01:01:31,094 - INFO - Episode complete! Total reward: -8805.328562259674
2025-02-16 01:01:31,096 - INFO - Episode data saved successfully
2025-02-16 01:01:31,097 - INFO - Q-table saved successfully
2025-02-16 01:18:21,228 - INFO - Episode complete! Total reward: 248.8405466079712
2025-02-16 01:18:21,233 - INFO - Episode data saved successfully
2025-02-16 01:18:21,252 - INFO - Q-table saved successfully
2025-02-16 01:18:23,925 - INFO - Episode complete! Total reward: -8756.631138324738
2025-02-16 01:18:23,927 - INFO - Episode data saved successfully
2025-02-16 01:18:23,928 - INFO - Q-table saved successfully
2025-02-16 01:28:03,191 - INFO - Episode complete! Total reward: -3959.8693704605103
2025-02-16 01:28:03,224 - INFO - Episode data saved successfully
2025-02-16 01:28:03,227 - INFO - Q-table saved successfully
2025-02-16 01:28:05,898 - INFO - Episode complete! Total reward: -8756.634900569916
2025-02-16 01:28:05,911 - INFO - Episode data saved successfully
2025-02-16 01:28:05,918 - INFO - Q-table saved successfully
2025-02-16 01:28:08,629 - INFO - Episode complete! Total reward: -8707.209255695343
2025-02-16 01:28:08,632 - INFO - Episode data saved successfully
2025-02-16 01:28:08,634 - INFO - Q-table saved successfully
2025-02-16 01:28:11,280 - INFO - Episode complete! Total reward: -8807.400741577148
2025-02-16 01:28:11,282 - INFO - Episode data saved successfully
2025-02-16 01:28:11,284 - INFO - Q-table saved successfully
2025-02-16 01:28:13,989 - INFO - Episode complete! Total reward: -8880.611550807953
2025-02-16 01:28:13,992 - INFO - Episode data saved successfully
2025-02-16 01:28:13,993 - INFO - Q-table saved successfully
2025-02-16 01:28:16,866 - INFO - Episode complete! Total reward: -8872.758305072784
2025-02-16 01:28:16,867 - INFO - Episode data saved successfully
2025-02-16 01:28:16,869 - INFO - Q-table saved successfully
2025-02-16 01:28:19,703 - INFO - Episode complete! Total reward: -8872.221791744232
2025-02-16 01:28:19,706 - INFO - Episode data saved successfully
2025-02-16 01:28:19,708 - INFO - Q-table saved successfully
2025-02-16 01:28:22,552 - INFO - Episode complete! Total reward: -8745.958335399628
2025-02-16 01:28:22,555 - INFO - Episode data saved successfully
2025-02-16 01:28:22,557 - INFO - Q-table saved successfully
2025-02-16 01:28:25,223 - INFO - Episode complete! Total reward: -8805.900733470917
2025-02-16 01:28:25,224 - INFO - Episode data saved successfully
2025-02-16 01:28:25,226 - INFO - Q-table saved successfully
2025-02-16 01:28:27,902 - INFO - Episode complete! Total reward: -8755.580990314484
2025-02-16 01:28:27,903 - INFO - Episode data saved successfully
2025-02-16 01:28:27,904 - INFO - Q-table saved successfully
2025-02-16 01:28:30,771 - INFO - Episode complete! Total reward: -8745.927469730377
2025-02-16 01:28:30,773 - INFO - Episode data saved successfully
2025-02-16 01:28:30,775 - INFO - Q-table saved successfully
2025-02-16 01:28:33,603 - INFO - Episode complete! Total reward: -8795.952236652374
2025-02-16 01:28:33,605 - INFO - Episode data saved successfully
2025-02-16 01:28:33,607 - INFO - Q-table saved successfully
2025-02-16 01:28:36,290 - INFO - Episode complete! Total reward: -8807.89909362793
2025-02-16 01:28:36,291 - INFO - Episode data saved successfully
2025-02-16 01:28:36,293 - INFO - Q-table saved successfully
2025-02-16 01:28:38,943 - INFO - Episode complete! Total reward: -8881.25673532486
2025-02-16 01:28:38,945 - INFO - Episode data saved successfully
2025-02-16 01:28:38,947 - INFO - Q-table saved successfully
2025-02-16 01:28:41,622 - INFO - Episode complete! Total reward: -8805.785925388336
2025-02-16 01:28:41,623 - INFO - Episode data saved successfully
2025-02-16 01:28:41,625 - INFO - Q-table saved successfully
2025-02-16 01:28:44,322 - INFO - Episode complete! Total reward: -8878.878259658813
2025-02-16 01:28:44,325 - INFO - Episode data saved successfully
2025-02-16 01:28:44,326 - INFO - Q-table saved successfully
2025-02-16 01:28:46,988 - INFO - Episode complete! Total reward: -8880.31005859375
2025-02-16 01:28:46,990 - INFO - Episode data saved successfully
2025-02-16 01:28:46,991 - INFO - Q-table saved successfully
2025-02-16 01:28:49,836 - INFO - Episode complete! Total reward: -8871.7076420784
2025-02-16 01:28:49,838 - INFO - Episode data saved successfully
2025-02-16 01:28:49,839 - INFO - Q-table saved successfully
2025-02-16 01:45:59,007 - INFO - Episode complete! Total reward: -8871.927189826965
2025-02-16 01:45:59,009 - INFO - Episode data saved successfully
2025-02-16 01:45:59,010 - INFO - Q-table saved successfully
2025-02-16 02:01:22,185 - INFO - Episode complete! Total reward: -10000.0
2025-02-16 02:01:22,209 - INFO - Episode data saved successfully
2025-02-16 02:01:22,213 - INFO - Q-table saved successfully
2025-02-16 02:01:24,914 - INFO - Episode complete! Total reward: -8708.713595867157
2025-02-16 02:01:24,916 - INFO - Episode data saved successfully
2025-02-16 02:01:24,918 - INFO - Q-table saved successfully
2025-02-16 02:19:10,125 - INFO - Episode complete! Total reward: 899.6222281455994
2025-02-16 02:19:10,164 - INFO - Episode data saved successfully
2025-02-16 02:19:10,168 - INFO - Q-table saved successfully
2025-02-16 02:29:03,128 - INFO - Episode complete! Total reward: -3723.4583616256714
2025-02-16 02:29:03,206 - INFO - Episode data saved successfully
2025-02-16 02:29:03,213 - INFO - Q-table saved successfully
2025-02-16 02:29:06,159 - INFO - Episode complete! Total reward: -8745.137765407562
2025-02-16 02:29:06,161 - INFO - Episode data saved successfully
2025-02-16 02:29:06,162 - INFO - Q-table saved successfully
2025-02-16 02:29:08,992 - INFO - Episode complete! Total reward: -8796.817939281464
2025-02-16 02:29:08,993 - INFO - Episode data saved successfully
2025-02-16 02:29:08,995 - INFO - Q-table saved successfully
2025-02-16 02:29:11,660 - INFO - Episode complete! Total reward: -8756.108567714691
2025-02-16 02:29:11,661 - INFO - Episode data saved successfully
2025-02-16 02:29:11,662 - INFO - Q-table saved successfully
2025-02-16 02:29:17,377 - INFO - Episode complete! Total reward: -8622.948367595673
2025-02-16 02:29:17,380 - INFO - Episode data saved successfully
2025-02-16 02:29:17,382 - INFO - Q-table saved successfully
2025-02-16 02:46:21,092 - INFO - Episode complete! Total reward: 484.234299659729
2025-02-16 02:46:21,131 - INFO - Episode data saved successfully
2025-02-16 02:46:21,136 - INFO - Q-table saved successfully
2025-02-16 03:01:50,088 - INFO - Episode complete! Total reward: -10000.0
2025-02-16 03:01:50,114 - INFO - Episode data saved successfully
2025-02-16 03:01:50,138 - INFO - Q-table saved successfully
2025-02-16 03:19:28,073 - INFO - Episode complete! Total reward: 676.473958492279
2025-02-16 03:19:28,123 - INFO - Episode data saved successfully
2025-02-16 03:19:28,126 - INFO - Q-table saved successfully
2025-02-16 03:19:32,489 - INFO - Episode complete! Total reward: -8654.355356693268
2025-02-16 03:19:32,492 - INFO - Episode data saved successfully
2025-02-16 03:19:32,495 - INFO - Q-table saved successfully
2025-02-16 03:30:04,012 - INFO - Episode complete! Total reward: 103.51855993270874
2025-02-16 03:30:04,144 - INFO - Episode data saved successfully
2025-02-16 03:30:04,171 - INFO - Q-table saved successfully
2025-02-16 03:30:08,063 - INFO - Episode complete! Total reward: -8687.158799171448
2025-02-16 03:30:08,065 - INFO - Episode data saved successfully
2025-02-16 03:30:08,067 - INFO - Q-table saved successfully
2025-02-16 03:30:11,263 - INFO - Episode complete! Total reward: -8574.784967899323
2025-02-16 03:30:11,265 - INFO - Episode data saved successfully
2025-02-16 03:30:11,267 - INFO - Q-table saved successfully
2025-02-16 03:48:07,936 - INFO - Episode complete! Total reward: 1163.3640027046204
2025-02-16 03:48:08,035 - INFO - Episode data saved successfully
2025-02-16 03:48:08,038 - INFO - Q-table saved successfully
2025-02-16 03:48:10,999 - INFO - Episode complete! Total reward: -8744.599940776825
2025-02-16 03:48:11,001 - INFO - Episode data saved successfully
2025-02-16 03:48:11,003 - INFO - Q-table saved successfully
2025-02-16 04:03:13,974 - INFO - Episode complete! Total reward: -10000.0
2025-02-16 04:03:13,988 - INFO - Episode data saved successfully
2025-02-16 04:03:13,991 - INFO - Q-table saved successfully
2025-02-16 04:18:19,941 - INFO - Episode complete! Total reward: -692.9338192939758
2025-02-16 04:18:19,947 - INFO - Episode data saved successfully
2025-02-16 04:18:19,953 - INFO - Q-table saved successfully
2025-02-16 04:18:22,863 - INFO - Episode complete! Total reward: -8747.03652381897
2025-02-16 04:18:22,865 - INFO - Episode data saved successfully
2025-02-16 04:18:22,868 - INFO - Q-table saved successfully
2025-02-16 04:31:04,969 - INFO - Episode complete! Total reward: -2182.2274518013
2025-02-16 04:31:05,010 - INFO - Episode data saved successfully
2025-02-16 04:31:05,022 - INFO - Q-table saved successfully
2025-02-16 04:31:10,323 - INFO - Episode complete! Total reward: -8502.198238372803
2025-02-16 04:31:10,326 - INFO - Episode data saved successfully
2025-02-16 04:31:10,327 - INFO - Q-table saved successfully
2025-02-16 04:31:12,979 - INFO - Episode complete! Total reward: -8657.134945392609
2025-02-16 04:31:12,981 - INFO - Episode data saved successfully
2025-02-16 04:31:12,983 - INFO - Q-table saved successfully
2025-02-16 04:31:15,645 - INFO - Episode complete! Total reward: -8707.009029388428
2025-02-16 04:31:15,647 - INFO - Episode data saved successfully
2025-02-16 04:31:15,649 - INFO - Q-table saved successfully
2025-02-16 04:31:18,333 - INFO - Episode complete! Total reward: -8704.767427444458
2025-02-16 04:31:18,335 - INFO - Episode data saved successfully
2025-02-16 04:31:18,338 - INFO - Q-table saved successfully
2025-02-16 04:31:21,033 - INFO - Episode complete! Total reward: -8753.8605427742
2025-02-16 04:31:21,037 - INFO - Episode data saved successfully
2025-02-16 04:31:21,039 - INFO - Q-table saved successfully
2025-02-16 04:31:24,051 - INFO - Episode complete! Total reward: -8784.85556602478
2025-02-16 04:31:24,053 - INFO - Episode data saved successfully
2025-02-16 04:31:24,055 - INFO - Q-table saved successfully
2025-02-16 04:31:26,739 - INFO - Episode complete! Total reward: -8804.776754379272
2025-02-16 04:31:26,741 - INFO - Episode data saved successfully
2025-02-16 04:31:26,743 - INFO - Q-table saved successfully
2025-02-16 04:31:29,403 - INFO - Episode complete! Total reward: -8880.951392650604
2025-02-16 04:31:29,405 - INFO - Episode data saved successfully
2025-02-16 04:31:29,407 - INFO - Q-table saved successfully
2025-02-16 04:31:32,209 - INFO - Episode complete! Total reward: -8697.860839366913
2025-02-16 04:31:32,210 - INFO - Episode data saved successfully
2025-02-16 04:31:32,212 - INFO - Q-table saved successfully
2025-02-16 04:31:35,158 - INFO - Episode complete! Total reward: -8869.057846069336
2025-02-16 04:31:35,160 - INFO - Episode data saved successfully
2025-02-16 04:31:35,162 - INFO - Q-table saved successfully
2025-02-16 04:31:38,079 - INFO - Episode complete! Total reward: -8870.16315460205
2025-02-16 04:31:38,081 - INFO - Episode data saved successfully
2025-02-16 04:31:38,083 - INFO - Q-table saved successfully
2025-02-16 04:31:41,012 - INFO - Episode complete! Total reward: -8867.090141773224
2025-02-16 04:31:41,014 - INFO - Episode data saved successfully
2025-02-16 04:31:41,016 - INFO - Q-table saved successfully
2025-02-16 04:31:43,826 - INFO - Episode complete! Total reward: -8697.512464523315
2025-02-16 04:31:43,828 - INFO - Episode data saved successfully
2025-02-16 04:31:43,830 - INFO - Q-table saved successfully
2025-02-16 04:31:46,493 - INFO - Episode complete! Total reward: -8880.526542663574
2025-02-16 04:31:46,496 - INFO - Episode data saved successfully
2025-02-16 04:31:46,498 - INFO - Q-table saved successfully
2025-02-16 04:31:49,190 - INFO - Episode complete! Total reward: -8706.020104885101
2025-02-16 04:31:49,192 - INFO - Episode data saved successfully
2025-02-16 04:31:49,195 - INFO - Q-table saved successfully
2025-02-16 04:46:50,979 - INFO - Episode complete! Total reward: -9777.782175540924
2025-02-16 04:46:50,990 - INFO - Episode data saved successfully
2025-02-16 04:46:50,993 - INFO - Q-table saved successfully
2025-02-16 04:46:53,909 - INFO - Episode complete! Total reward: -8697.432579994202
2025-02-16 04:46:53,912 - INFO - Episode data saved successfully
2025-02-16 04:46:53,913 - INFO - Q-table saved successfully
2025-02-16 05:02:44,934 - INFO - Episode complete! Total reward: -292.4112629890442
2025-02-16 05:02:44,980 - INFO - Episode data saved successfully
2025-02-16 05:02:44,982 - INFO - Q-table saved successfully
2025-02-16 05:18:40,918 - INFO - Episode complete! Total reward: -43.05845022201538
2025-02-16 05:18:40,927 - INFO - Episode data saved successfully
2025-02-16 05:18:40,938 - INFO - Q-table saved successfully
2025-02-16 05:32:05,869 - INFO - Episode complete! Total reward: -1704.449110031128
2025-02-16 05:32:05,917 - INFO - Episode data saved successfully
2025-02-16 05:32:05,935 - INFO - Q-table saved successfully
2025-02-16 05:32:09,760 - INFO - Episode complete! Total reward: -8690.383105278015
2025-02-16 05:32:09,762 - INFO - Episode data saved successfully
2025-02-16 05:32:09,763 - INFO - Q-table saved successfully
2025-02-16 05:32:12,572 - INFO - Episode complete! Total reward: -8747.75925397873
2025-02-16 05:32:12,574 - INFO - Episode data saved successfully
2025-02-16 05:32:12,576 - INFO - Q-table saved successfully
2025-02-16 05:32:16,498 - INFO - Episode complete! Total reward: -8530.419402122498
2025-02-16 05:32:16,500 - INFO - Episode data saved successfully
2025-02-16 05:32:16,502 - INFO - Q-table saved successfully
2025-02-16 05:32:20,709 - INFO - Episode complete! Total reward: -8616.432836055756
2025-02-16 05:32:20,713 - INFO - Episode data saved successfully
2025-02-16 05:32:20,715 - INFO - Q-table saved successfully
2025-02-16 05:32:23,356 - INFO - Episode complete! Total reward: -8607.95652627945
2025-02-16 05:32:23,358 - INFO - Episode data saved successfully
2025-02-16 05:32:23,360 - INFO - Q-table saved successfully
2025-02-16 05:32:26,922 - INFO - Episode complete! Total reward: -8551.945490837097
2025-02-16 05:32:26,924 - INFO - Episode data saved successfully
2025-02-16 05:32:26,926 - INFO - Q-table saved successfully
2025-02-16 05:32:29,800 - INFO - Episode complete! Total reward: -8697.033197879791
2025-02-16 05:32:29,802 - INFO - Episode data saved successfully
2025-02-16 05:32:29,805 - INFO - Q-table saved successfully
2025-02-16 05:32:33,666 - INFO - Episode complete! Total reward: -8734.002845287323
2025-02-16 05:32:33,668 - INFO - Episode data saved successfully
2025-02-16 05:32:33,672 - INFO - Q-table saved successfully
2025-02-16 05:32:36,349 - INFO - Episode complete! Total reward: -8705.285415649414
2025-02-16 05:32:36,351 - INFO - Episode data saved successfully
2025-02-16 05:32:36,353 - INFO - Q-table saved successfully
2025-02-16 05:32:39,012 - INFO - Episode complete! Total reward: -8806.175174713135
2025-02-16 05:32:39,014 - INFO - Episode data saved successfully
2025-02-16 05:32:39,016 - INFO - Q-table saved successfully
2025-02-16 05:32:41,879 - INFO - Episode complete! Total reward: -8644.09542798996
2025-02-16 05:32:41,880 - INFO - Episode data saved successfully
2025-02-16 05:32:41,881 - INFO - Q-table saved successfully
2025-02-16 05:32:48,213 - INFO - Episode complete! Total reward: -8588.748021125793
2025-02-16 05:32:48,216 - INFO - Episode data saved successfully
2025-02-16 05:32:48,218 - INFO - Q-table saved successfully
2025-02-16 05:50:38,851 - INFO - Episode complete! Total reward: 803.4548497200012
2025-02-16 05:50:38,940 - INFO - Episode data saved successfully
2025-02-16 05:50:38,942 - INFO - Q-table saved successfully
2025-02-16 06:07:52,809 - INFO - Episode complete! Total reward: 535.9818291664124
2025-02-16 06:07:52,815 - INFO - Episode data saved successfully
2025-02-16 06:07:52,817 - INFO - Q-table saved successfully
2025-02-16 06:07:56,843 - INFO - Episode complete! Total reward: -8674.390726089478
2025-02-16 06:07:56,845 - INFO - Episode data saved successfully
2025-02-16 06:07:56,847 - INFO - Q-table saved successfully
2025-02-16 06:25:32,773 - INFO - Episode complete! Total reward: 706.4446115493774
2025-02-16 06:25:32,798 - INFO - Episode data saved successfully
2025-02-16 06:25:32,800 - INFO - Q-table saved successfully
2025-02-16 06:25:37,717 - INFO - Episode complete! Total reward: -8470.028424263
2025-02-16 06:25:37,720 - INFO - Episode data saved successfully
2025-02-16 06:25:37,722 - INFO - Q-table saved successfully
2025-02-16 06:33:08,575 - INFO - Episode complete! Total reward: -8688.374671936035
2025-02-16 06:33:08,576 - INFO - Episode data saved successfully
2025-02-16 06:33:08,579 - INFO - Q-table saved successfully
2025-02-16 06:33:11,263 - INFO - Episode complete! Total reward: -8655.658185482025
2025-02-16 06:33:11,265 - INFO - Episode data saved successfully
2025-02-16 06:33:11,267 - INFO - Q-table saved successfully
2025-02-16 06:33:13,962 - INFO - Episode complete! Total reward: -8704.119329452515
2025-02-16 06:33:13,964 - INFO - Episode data saved successfully
2025-02-16 06:33:13,966 - INFO - Q-table saved successfully
2025-02-16 06:33:16,668 - INFO - Episode complete! Total reward: -8708.898282051086
2025-02-16 06:33:16,671 - INFO - Episode data saved successfully
2025-02-16 06:33:16,672 - INFO - Q-table saved successfully
2025-02-16 06:33:19,380 - INFO - Episode complete! Total reward: -8879.930293560028
2025-02-16 06:33:19,381 - INFO - Episode data saved successfully
2025-02-16 06:33:19,382 - INFO - Q-table saved successfully
2025-02-16 06:33:22,501 - INFO - Episode complete! Total reward: -8691.38709306717
2025-02-16 06:33:22,504 - INFO - Episode data saved successfully
2025-02-16 06:33:22,506 - INFO - Q-table saved successfully
2025-02-16 06:33:25,269 - INFO - Episode complete! Total reward: -8756.532077789307
2025-02-16 06:33:25,271 - INFO - Episode data saved successfully
2025-02-16 06:33:25,273 - INFO - Q-table saved successfully
2025-02-16 06:33:27,952 - INFO - Episode complete! Total reward: -8755.654964447021
2025-02-16 06:33:27,954 - INFO - Episode data saved successfully
2025-02-16 06:33:27,957 - INFO - Q-table saved successfully
2025-02-16 06:33:30,905 - INFO - Episode complete! Total reward: -8745.268652439117
2025-02-16 06:33:30,908 - INFO - Episode data saved successfully
2025-02-16 06:33:30,913 - INFO - Q-table saved successfully
2025-02-16 06:33:33,870 - INFO - Episode complete! Total reward: -8691.799817085266
2025-02-16 06:33:33,873 - INFO - Episode data saved successfully
2025-02-16 06:33:33,875 - INFO - Q-table saved successfully
2025-02-16 06:33:36,620 - INFO - Episode complete! Total reward: -8805.473761558533
2025-02-16 06:33:36,622 - INFO - Episode data saved successfully
2025-02-16 06:33:36,624 - INFO - Q-table saved successfully
2025-02-16 06:33:39,304 - INFO - Episode complete! Total reward: -8879.854238033295
2025-02-16 06:33:39,307 - INFO - Episode data saved successfully
2025-02-16 06:33:39,309 - INFO - Q-table saved successfully
2025-02-16 06:33:42,054 - INFO - Episode complete! Total reward: -8805.113580226898
2025-02-16 06:33:42,055 - INFO - Episode data saved successfully
2025-02-16 06:33:42,057 - INFO - Q-table saved successfully
2025-02-16 06:33:44,770 - INFO - Episode complete! Total reward: -8704.055433273315
2025-02-16 06:33:44,773 - INFO - Episode data saved successfully
2025-02-16 06:33:44,776 - INFO - Q-table saved successfully
2025-02-16 06:33:47,485 - INFO - Episode complete! Total reward: -8881.793642044067
2025-02-16 06:33:47,487 - INFO - Episode data saved successfully
2025-02-16 06:33:47,489 - INFO - Q-table saved successfully
2025-02-16 06:33:50,389 - INFO - Episode complete! Total reward: -8797.75883436203
2025-02-16 06:33:50,391 - INFO - Episode data saved successfully
2025-02-16 06:33:50,393 - INFO - Q-table saved successfully
2025-02-16 06:48:54,754 - INFO - Episode complete! Total reward: -859.9141502380371
2025-02-16 06:48:54,758 - INFO - Episode data saved successfully
2025-02-16 06:48:54,760 - INFO - Q-table saved successfully
2025-02-16 06:48:57,536 - INFO - Episode complete! Total reward: -8756.088433265686
2025-02-16 06:48:57,538 - INFO - Episode data saved successfully
2025-02-16 06:48:57,539 - INFO - Q-table saved successfully
2025-02-16 07:06:48,784 - INFO - Episode complete! Total reward: 808.6404514312744
2025-02-16 07:06:48,826 - INFO - Episode data saved successfully
2025-02-16 07:06:48,837 - INFO - Q-table saved successfully
2025-02-16 07:06:51,841 - INFO - Episode complete! Total reward: -8752.090847492218
2025-02-16 07:06:51,844 - INFO - Episode data saved successfully
2025-02-16 07:06:51,847 - INFO - Q-table saved successfully
2025-02-16 07:23:13,737 - INFO - Episode complete! Total reward: -10000.0
2025-02-16 07:23:13,741 - INFO - Episode data saved successfully
2025-02-16 07:23:13,744 - INFO - Q-table saved successfully
2025-02-16 07:23:16,484 - INFO - Episode complete! Total reward: -8708.084104061127
2025-02-16 07:23:16,493 - INFO - Episode data saved successfully
2025-02-16 07:23:16,495 - INFO - Q-table saved successfully
2025-02-16 07:34:05,703 - INFO - Episode complete! Total reward: -3361.5771317481995
2025-02-16 07:34:05,706 - INFO - Episode data saved successfully
2025-02-16 07:34:05,712 - INFO - Q-table saved successfully
2025-02-16 07:34:08,704 - INFO - Episode complete! Total reward: -8741.402623653412
2025-02-16 07:34:08,707 - INFO - Episode data saved successfully
2025-02-16 07:34:08,709 - INFO - Q-table saved successfully
2025-02-16 07:34:11,489 - INFO - Episode complete! Total reward: -8754.165215492249
2025-02-16 07:34:11,491 - INFO - Episode data saved successfully
2025-02-16 07:34:11,493 - INFO - Q-table saved successfully
2025-02-16 07:34:14,174 - INFO - Episode complete! Total reward: -8755.774405002594
2025-02-16 07:34:14,176 - INFO - Episode data saved successfully
2025-02-16 07:34:14,178 - INFO - Q-table saved successfully
2025-02-16 07:34:16,892 - INFO - Episode complete! Total reward: -8706.846587657928
2025-02-16 07:34:16,893 - INFO - Episode data saved successfully
2025-02-16 07:34:16,895 - INFO - Q-table saved successfully
2025-02-16 07:34:23,377 - INFO - Episode complete! Total reward: -8480.289034843445
2025-02-16 07:34:23,380 - INFO - Episode data saved successfully
2025-02-16 07:34:23,381 - INFO - Q-table saved successfully
2025-02-16 07:50:45,382 - INFO - Episode complete! Total reward: -8680.643074512482
2025-02-16 07:50:45,384 - INFO - Episode data saved successfully
2025-02-16 07:50:45,386 - INFO - Q-table saved successfully
2025-02-16 08:07:31,595 - INFO - Episode complete! Total reward: 69.14690732955933
2025-02-16 08:07:31,644 - INFO - Episode data saved successfully
2025-02-16 08:07:31,646 - INFO - Q-table saved successfully
2025-02-16 08:07:34,383 - INFO - Episode complete! Total reward: -8883.963942527771
2025-02-16 08:07:34,386 - INFO - Episode data saved successfully
2025-02-16 08:07:34,387 - INFO - Q-table saved successfully
2025-02-16 08:24:12,552 - INFO - Episode complete! Total reward: 78.41578245162964
2025-02-16 08:24:12,612 - INFO - Episode data saved successfully
2025-02-16 08:24:12,615 - INFO - Q-table saved successfully
2025-02-16 08:24:15,635 - INFO - Episode complete! Total reward: -8789.601817131042
2025-02-16 08:24:15,637 - INFO - Episode data saved successfully
2025-02-16 08:24:15,639 - INFO - Q-table saved successfully
2025-02-16 08:31:49,617 - INFO - Episode complete! Total reward: -5363.763301372528
2025-02-16 08:31:49,620 - INFO - Episode data saved successfully
2025-02-16 08:31:49,621 - INFO - Q-table saved successfully
2025-02-16 08:31:59,568 - INFO - Episode complete! Total reward: -8520.11889219284
2025-02-16 08:31:59,571 - INFO - Episode data saved successfully
2025-02-16 08:31:59,573 - INFO - Q-table saved successfully
2025-02-16 08:35:05,521 - INFO - Episode complete! Total reward: -7744.24280166626
2025-02-16 08:35:05,558 - INFO - Episode data saved successfully
2025-02-16 08:35:05,594 - INFO - Q-table saved successfully
2025-02-16 08:50:11,582 - INFO - Episode complete! Total reward: -644.0052819252014
2025-02-16 08:50:11,585 - INFO - Episode data saved successfully
2025-02-16 08:50:11,587 - INFO - Q-table saved successfully
2025-02-16 09:08:10,547 - INFO - Episode complete! Total reward: 1085.9844613075256
2025-02-16 09:08:10,550 - INFO - Episode data saved successfully
2025-02-16 09:08:10,551 - INFO - Q-table saved successfully
2025-02-16 09:08:13,349 - INFO - Episode complete! Total reward: -8655.917217731476
2025-02-16 09:08:13,351 - INFO - Episode data saved successfully
2025-02-16 09:08:13,353 - INFO - Q-table saved successfully
2025-02-16 09:23:59,536 - INFO - Episode complete! Total reward: -291.9321870803833
2025-02-16 09:23:59,543 - INFO - Episode data saved successfully
2025-02-16 09:23:59,544 - INFO - Q-table saved successfully
2025-02-16 09:36:05,414 - INFO - Episode complete! Total reward: 446.12468957901
2025-02-16 09:36:05,432 - INFO - Episode data saved successfully
2025-02-16 09:36:05,434 - INFO - Q-table saved successfully
2025-02-16 09:36:08,186 - INFO - Episode complete! Total reward: -8708.928916454315
2025-02-16 09:36:08,187 - INFO - Episode data saved successfully
2025-02-16 09:36:08,189 - INFO - Q-table saved successfully
2025-02-16 09:36:10,923 - INFO - Episode complete! Total reward: -8807.257404327393
2025-02-16 09:36:10,925 - INFO - Episode data saved successfully
2025-02-16 09:36:10,927 - INFO - Q-table saved successfully
2025-02-16 09:36:13,676 - INFO - Episode complete! Total reward: -8756.610021591187
2025-02-16 09:36:13,678 - INFO - Episode data saved successfully
2025-02-16 09:36:13,680 - INFO - Q-table saved successfully
2025-02-16 09:36:16,444 - INFO - Episode complete! Total reward: -8754.004395008087
2025-02-16 09:36:16,446 - INFO - Episode data saved successfully
2025-02-16 09:36:16,448 - INFO - Q-table saved successfully
2025-02-16 09:36:19,661 - INFO - Episode complete! Total reward: -8856.69640302658
2025-02-16 09:36:19,663 - INFO - Episode data saved successfully
2025-02-16 09:36:19,665 - INFO - Q-table saved successfully
2025-02-16 09:36:22,561 - INFO - Episode complete! Total reward: -8743.420367240906
2025-02-16 09:36:22,563 - INFO - Episode data saved successfully
2025-02-16 09:36:22,564 - INFO - Q-table saved successfully
2025-02-16 09:36:25,294 - INFO - Episode complete! Total reward: -8806.876356601715
2025-02-16 09:36:25,296 - INFO - Episode data saved successfully
2025-02-16 09:36:25,298 - INFO - Q-table saved successfully
2025-02-16 09:36:28,216 - INFO - Episode complete! Total reward: -8802.234065532684
2025-02-16 09:36:28,219 - INFO - Episode data saved successfully
2025-02-16 09:36:28,221 - INFO - Q-table saved successfully
2025-02-16 09:36:31,014 - INFO - Episode complete! Total reward: -8703.752293586731
2025-02-16 09:36:31,016 - INFO - Episode data saved successfully
2025-02-16 09:36:31,018 - INFO - Q-table saved successfully
2025-02-16 09:36:33,832 - INFO - Episode complete! Total reward: -8754.42336320877
2025-02-16 09:36:33,834 - INFO - Episode data saved successfully
2025-02-16 09:36:33,835 - INFO - Q-table saved successfully
2025-02-16 09:36:36,829 - INFO - Episode complete! Total reward: -8790.845346450806
2025-02-16 09:36:36,831 - INFO - Episode data saved successfully
2025-02-16 09:36:36,833 - INFO - Q-table saved successfully
2025-02-16 09:36:39,566 - INFO - Episode complete! Total reward: -8806.409645080566
2025-02-16 09:36:39,568 - INFO - Episode data saved successfully
2025-02-16 09:36:39,570 - INFO - Q-table saved successfully
2025-02-16 09:36:42,415 - INFO - Episode complete! Total reward: -8754.639735221863
2025-02-16 09:36:42,418 - INFO - Episode data saved successfully
2025-02-16 09:36:42,419 - INFO - Q-table saved successfully
2025-02-16 09:36:45,480 - INFO - Episode complete! Total reward: -8789.393048286438
2025-02-16 09:36:45,482 - INFO - Episode data saved successfully
2025-02-16 09:36:45,483 - INFO - Q-table saved successfully
2025-02-16 09:36:48,266 - INFO - Episode complete! Total reward: -8806.317284107208
2025-02-16 09:36:48,268 - INFO - Episode data saved successfully
2025-02-16 09:36:48,269 - INFO - Q-table saved successfully
2025-02-16 09:36:51,015 - INFO - Episode complete! Total reward: -8881.823241710663
2025-02-16 09:36:51,017 - INFO - Episode data saved successfully
2025-02-16 09:36:51,018 - INFO - Q-table saved successfully
2025-02-16 09:54:09,393 - INFO - Episode complete! Total reward: 58.25169086456299
2025-02-16 09:54:09,418 - INFO - Episode data saved successfully
2025-02-16 09:54:09,474 - INFO - Q-table saved successfully
2025-02-16 09:54:12,319 - INFO - Episode complete! Total reward: -8803.645944595337
2025-02-16 09:54:12,321 - INFO - Episode data saved successfully
2025-02-16 09:54:12,323 - INFO - Q-table saved successfully
2025-02-16 10:09:43,433 - INFO - Episode complete! Total reward: -642.872371673584
2025-02-16 10:09:43,452 - INFO - Episode data saved successfully
2025-02-16 10:09:43,462 - INFO - Q-table saved successfully
2025-02-16 10:09:46,577 - INFO - Episode complete! Total reward: -8863.86765241623
2025-02-16 10:09:46,579 - INFO - Episode data saved successfully
2025-02-16 10:09:46,582 - INFO - Q-table saved successfully
2025-02-16 10:25:58,454 - INFO - Episode complete! Total reward: -10000.0
2025-02-16 10:25:58,456 - INFO - Episode data saved successfully
2025-02-16 10:25:58,458 - INFO - Q-table saved successfully
2025-02-16 10:37:05,424 - INFO - Episode complete! Total reward: -2934.099018573761
2025-02-16 10:37:05,429 - INFO - Episode data saved successfully
2025-02-16 10:37:05,431 - INFO - Q-table saved successfully
2025-02-16 10:37:08,264 - INFO - Episode complete! Total reward: -8602.53491640091
2025-02-16 10:37:08,267 - INFO - Episode data saved successfully
2025-02-16 10:37:08,269 - INFO - Q-table saved successfully
2025-02-16 10:37:11,265 - INFO - Episode complete! Total reward: -8793.07330608368
2025-02-16 10:37:11,267 - INFO - Episode data saved successfully
2025-02-16 10:37:11,269 - INFO - Q-table saved successfully
2025-02-16 10:37:14,010 - INFO - Episode complete! Total reward: -8657.953808307648
2025-02-16 10:37:14,012 - INFO - Episode data saved successfully
2025-02-16 10:37:14,014 - INFO - Q-table saved successfully
2025-02-16 10:37:16,809 - INFO - Episode complete! Total reward: -8878.692507743835
2025-02-16 10:37:16,810 - INFO - Episode data saved successfully
2025-02-16 10:37:16,812 - INFO - Q-table saved successfully
2025-02-16 10:37:19,789 - INFO - Episode complete! Total reward: -8794.157192707062
2025-02-16 10:37:19,790 - INFO - Episode data saved successfully
2025-02-16 10:37:19,791 - INFO - Q-table saved successfully
2025-02-16 10:37:22,621 - INFO - Episode complete! Total reward: -8803.170516490936
2025-02-16 10:37:22,622 - INFO - Episode data saved successfully
2025-02-16 10:37:22,623 - INFO - Q-table saved successfully
2025-02-16 10:37:25,559 - INFO - Episode complete! Total reward: -8750.598742961884
2025-02-16 10:37:25,560 - INFO - Episode data saved successfully
2025-02-16 10:37:25,562 - INFO - Q-table saved successfully
2025-02-16 10:37:28,554 - INFO - Episode complete! Total reward: -8871.278548240662
2025-02-16 10:37:28,556 - INFO - Episode data saved successfully
2025-02-16 10:37:28,558 - INFO - Q-table saved successfully
2025-02-16 10:37:31,570 - INFO - Episode complete! Total reward: -8739.63488817215
2025-02-16 10:37:31,572 - INFO - Episode data saved successfully
2025-02-16 10:37:31,574 - INFO - Q-table saved successfully
2025-02-16 10:37:34,318 - INFO - Episode complete! Total reward: -8708.253860473633
2025-02-16 10:37:34,320 - INFO - Episode data saved successfully
2025-02-16 10:37:34,321 - INFO - Q-table saved successfully
2025-02-16 10:37:37,085 - INFO - Episode complete! Total reward: -8756.252286434174
2025-02-16 10:37:37,087 - INFO - Episode data saved successfully
2025-02-16 10:37:37,089 - INFO - Q-table saved successfully
2025-02-16 10:37:39,836 - INFO - Episode complete! Total reward: -8807.231297492981
2025-02-16 10:37:39,839 - INFO - Episode data saved successfully
2025-02-16 10:37:39,840 - INFO - Q-table saved successfully
2025-02-16 10:37:42,701 - INFO - Episode complete! Total reward: -8752.125566005707
2025-02-16 10:37:42,704 - INFO - Episode data saved successfully
2025-02-16 10:37:42,706 - INFO - Q-table saved successfully
2025-02-16 10:37:45,533 - INFO - Episode complete! Total reward: -8704.96812582016
2025-02-16 10:37:45,535 - INFO - Episode data saved successfully
2025-02-16 10:37:45,536 - INFO - Q-table saved successfully
2025-02-16 10:37:48,318 - INFO - Episode complete! Total reward: -8756.41505241394
2025-02-16 10:37:48,321 - INFO - Episode data saved successfully
2025-02-16 10:37:48,323 - INFO - Q-table saved successfully
2025-02-16 10:37:51,268 - INFO - Episode complete! Total reward: -8795.174853801727
2025-02-16 10:37:51,270 - INFO - Episode data saved successfully
2025-02-16 10:37:51,271 - INFO - Q-table saved successfully
2025-02-16 10:53:41,383 - INFO - Episode complete! Total reward: -402.47910261154175
2025-02-16 10:53:41,385 - INFO - Episode data saved successfully
2025-02-16 10:53:41,388 - INFO - Q-table saved successfully
2025-02-16 10:53:44,280 - INFO - Episode complete! Total reward: -8803.008949756622
2025-02-16 10:53:44,284 - INFO - Episode data saved successfully
2025-02-16 10:53:44,285 - INFO - Q-table saved successfully
2025-02-16 11:11:27,373 - INFO - Episode complete! Total reward: 727.0361685752869
2025-02-16 11:11:27,377 - INFO - Episode data saved successfully
2025-02-16 11:11:27,378 - INFO - Q-table saved successfully
2025-02-16 11:11:30,460 - INFO - Episode complete! Total reward: -8735.822947025299
2025-02-16 11:11:30,462 - INFO - Episode data saved successfully
2025-02-16 11:11:30,464 - INFO - Q-table saved successfully
2025-02-16 11:29:11,288 - INFO - Episode complete! Total reward: 115.31816005706787
2025-02-16 11:29:11,297 - INFO - Episode data saved successfully
2025-02-16 11:29:11,301 - INFO - Q-table saved successfully
2025-02-16 11:29:14,113 - INFO - Episode complete! Total reward: -8807.268970012665
2025-02-16 11:29:14,114 - INFO - Episode data saved successfully
2025-02-16 11:29:14,116 - INFO - Q-table saved successfully
2025-02-16 11:38:05,323 - INFO - Episode complete! Total reward: -4591.430060863495
2025-02-16 11:38:05,328 - INFO - Episode data saved successfully
2025-02-16 11:38:05,330 - INFO - Q-table saved successfully
2025-02-16 11:38:08,355 - INFO - Episode complete! Total reward: -8743.222553730011
2025-02-16 11:38:08,357 - INFO - Episode data saved successfully
2025-02-16 11:38:08,359 - INFO - Q-table saved successfully
2025-02-16 11:38:11,222 - INFO - Episode complete! Total reward: -8877.438843250275
2025-02-16 11:38:11,224 - INFO - Episode data saved successfully
2025-02-16 11:38:11,225 - INFO - Q-table saved successfully
2025-02-16 11:38:14,309 - INFO - Episode complete! Total reward: -8865.262293815613
2025-02-16 11:38:14,311 - INFO - Episode data saved successfully
2025-02-16 11:38:14,313 - INFO - Q-table saved successfully
2025-02-16 11:38:17,609 - INFO - Episode complete! Total reward: -8727.066366672516
2025-02-16 11:38:17,611 - INFO - Episode data saved successfully
2025-02-16 11:38:17,613 - INFO - Q-table saved successfully
2025-02-16 11:38:20,462 - INFO - Episode complete! Total reward: -8879.815995693207
2025-02-16 11:38:20,464 - INFO - Episode data saved successfully
2025-02-16 11:38:20,466 - INFO - Q-table saved successfully
2025-02-16 11:38:24,695 - INFO - Episode complete! Total reward: -8622.139277458191
2025-02-16 11:38:24,699 - INFO - Episode data saved successfully
2025-02-16 11:38:24,700 - INFO - Q-table saved successfully
2025-02-16 11:38:27,531 - INFO - Episode complete! Total reward: -8754.690418243408
2025-02-16 11:38:27,533 - INFO - Episode data saved successfully
2025-02-16 11:38:27,534 - INFO - Q-table saved successfully
2025-02-16 11:38:30,363 - INFO - Episode complete! Total reward: -8705.199477672577
2025-02-16 11:38:30,365 - INFO - Episode data saved successfully
2025-02-16 11:38:30,367 - INFO - Q-table saved successfully
2025-02-16 11:38:33,246 - INFO - Episode complete! Total reward: -8751.29263162613
2025-02-16 11:38:33,247 - INFO - Episode data saved successfully
2025-02-16 11:38:33,249 - INFO - Q-table saved successfully
2025-02-16 11:55:10,365 - INFO - Episode complete! Total reward: 67.23920822143555
2025-02-16 11:55:10,368 - INFO - Episode data saved successfully
2025-02-16 11:55:10,373 - INFO - Q-table saved successfully
2025-02-16 12:13:02,373 - INFO - Episode complete! Total reward: 1116.201627254486
2025-02-16 12:13:02,377 - INFO - Episode data saved successfully
2025-02-16 12:13:02,381 - INFO - Q-table saved successfully
2025-02-16 12:30:15,119 - INFO - Episode complete! Total reward: 95.02081871032715
2025-02-16 12:30:15,195 - INFO - Episode data saved successfully
2025-02-16 12:30:15,251 - INFO - Q-table saved successfully
2025-02-16 12:30:18,150 - INFO - Episode complete! Total reward: -8603.867585659027
2025-02-16 12:30:18,151 - INFO - Episode data saved successfully
2025-02-16 12:30:18,153 - INFO - Q-table saved successfully
2025-02-16 12:39:05,318 - INFO - Episode complete! Total reward: -4532.672667503357
2025-02-16 12:39:05,324 - INFO - Episode data saved successfully
2025-02-16 12:39:05,326 - INFO - Q-table saved successfully
2025-02-16 12:39:08,192 - INFO - Episode complete! Total reward: -8755.90574502945
2025-02-16 12:39:08,194 - INFO - Episode data saved successfully
2025-02-16 12:39:08,196 - INFO - Q-table saved successfully
2025-02-16 12:39:11,059 - INFO - Episode complete! Total reward: -8806.467530727386
2025-02-16 12:39:11,061 - INFO - Episode data saved successfully
2025-02-16 12:39:11,062 - INFO - Q-table saved successfully
2025-02-16 12:39:15,113 - INFO - Episode complete! Total reward: -8682.717638015747
2025-02-16 12:39:15,115 - INFO - Episode data saved successfully
2025-02-16 12:39:15,117 - INFO - Q-table saved successfully
2025-02-16 12:39:18,248 - INFO - Episode complete! Total reward: -8741.145038604736
2025-02-16 12:39:18,251 - INFO - Episode data saved successfully
2025-02-16 12:39:18,252 - INFO - Q-table saved successfully
2025-02-16 12:39:21,433 - INFO - Episode complete! Total reward: -8635.938823223114
2025-02-16 12:39:21,436 - INFO - Episode data saved successfully
2025-02-16 12:39:21,437 - INFO - Q-table saved successfully
2025-02-16 12:39:24,433 - INFO - Episode complete! Total reward: -8697.50969171524
2025-02-16 12:39:24,436 - INFO - Episode data saved successfully
2025-02-16 12:39:24,438 - INFO - Q-table saved successfully
2025-02-16 12:39:27,351 - INFO - Episode complete! Total reward: -8753.109426498413
2025-02-16 12:39:27,354 - INFO - Episode data saved successfully
2025-02-16 12:39:27,356 - INFO - Q-table saved successfully
2025-02-16 12:39:32,505 - INFO - Episode complete! Total reward: -8619.078850746155
2025-02-16 12:39:32,507 - INFO - Episode data saved successfully
2025-02-16 12:39:32,509 - INFO - Q-table saved successfully
2025-02-16 12:39:37,187 - INFO - Episode complete! Total reward: -8546.009442806244
2025-02-16 12:39:37,190 - INFO - Episode data saved successfully
2025-02-16 12:39:37,191 - INFO - Q-table saved successfully
2025-02-16 12:56:21,316 - INFO - Episode complete! Total reward: 87.36264944076538
2025-02-16 12:56:21,342 - INFO - Episode data saved successfully
2025-02-16 12:56:21,344 - INFO - Q-table saved successfully
2025-02-16 12:56:24,227 - INFO - Episode complete! Total reward: -8754.240038394928
2025-02-16 12:56:24,230 - INFO - Episode data saved successfully
2025-02-16 12:56:24,232 - INFO - Q-table saved successfully
2025-02-16 13:12:28,344 - INFO - Episode complete! Total reward: -313.1624388694763
2025-02-16 13:12:28,347 - INFO - Episode data saved successfully
2025-02-16 13:12:28,349 - INFO - Q-table saved successfully
2025-02-16 13:12:31,345 - INFO - Episode complete! Total reward: -8649.943990707397
2025-02-16 13:12:31,348 - INFO - Episode data saved successfully
2025-02-16 13:12:31,352 - INFO - Q-table saved successfully
2025-02-16 13:29:21,239 - INFO - Episode complete! Total reward: -10000.0
2025-02-16 13:29:21,262 - INFO - Episode data saved successfully
2025-02-16 13:29:21,264 - INFO - Q-table saved successfully
2025-02-16 13:29:24,124 - INFO - Episode complete! Total reward: -8754.709887504578
2025-02-16 13:29:24,127 - INFO - Episode data saved successfully
2025-02-16 13:29:24,129 - INFO - Q-table saved successfully
2025-02-16 13:40:06,203 - INFO - Episode complete! Total reward: -3382.796468734741
2025-02-16 13:40:06,205 - INFO - Episode data saved successfully
2025-02-16 13:40:06,207 - INFO - Q-table saved successfully
2025-02-16 13:40:11,169 - INFO - Episode complete! Total reward: -8529.388177394867
2025-02-16 13:40:11,173 - INFO - Episode data saved successfully
2025-02-16 13:40:11,175 - INFO - Q-table saved successfully
2025-02-16 13:40:14,043 - INFO - Episode complete! Total reward: -8707.884886264801
2025-02-16 13:40:14,046 - INFO - Episode data saved successfully
2025-02-16 13:40:14,047 - INFO - Q-table saved successfully
2025-02-16 13:40:16,940 - INFO - Episode complete! Total reward: -8649.440228939056
2025-02-16 13:40:16,943 - INFO - Episode data saved successfully
2025-02-16 13:40:16,945 - INFO - Q-table saved successfully
2025-02-16 13:40:23,349 - INFO - Episode complete! Total reward: -8492.520768642426
2025-02-16 13:40:23,352 - INFO - Episode data saved successfully
2025-02-16 13:40:23,353 - INFO - Q-table saved successfully
2025-02-16 13:56:33,230 - INFO - Episode complete! Total reward: -8895.942652225494
2025-02-16 13:56:33,231 - INFO - Episode data saved successfully
2025-02-16 13:56:33,233 - INFO - Q-table saved successfully
2025-02-16 14:13:42,971 - INFO - Episode complete! Total reward: 225.00375986099243
2025-02-16 14:13:43,065 - INFO - Episode data saved successfully
2025-02-16 14:13:43,067 - INFO - Q-table saved successfully
2025-02-16 14:13:46,306 - INFO - Episode complete! Total reward: -8863.38700056076
2025-02-16 14:13:46,309 - INFO - Episode data saved successfully
2025-02-16 14:13:46,310 - INFO - Q-table saved successfully
2025-02-16 14:29:19,044 - INFO - Episode complete! Total reward: 214.29025888442993
2025-02-16 14:29:19,067 - INFO - Episode data saved successfully
2025-02-16 14:29:19,078 - INFO - Q-table saved successfully
2025-02-16 14:29:22,261 - INFO - Episode complete! Total reward: -8865.06394147873
2025-02-16 14:29:22,264 - INFO - Episode data saved successfully
2025-02-16 14:29:22,266 - INFO - Q-table saved successfully
2025-02-16 14:41:07,194 - INFO - Episode complete! Total reward: -2904.9265694618225
2025-02-16 14:41:07,197 - INFO - Episode data saved successfully
2025-02-16 14:41:07,201 - INFO - Q-table saved successfully
2025-02-16 14:41:10,082 - INFO - Episode complete! Total reward: -8708.810365200043
2025-02-16 14:41:10,084 - INFO - Episode data saved successfully
2025-02-16 14:41:10,086 - INFO - Q-table saved successfully
2025-02-16 14:41:13,112 - INFO - Episode complete! Total reward: -8697.522518634796
2025-02-16 14:41:13,114 - INFO - Episode data saved successfully
2025-02-16 14:41:13,116 - INFO - Q-table saved successfully
2025-02-16 14:41:15,980 - INFO - Episode complete! Total reward: -8706.06969833374
2025-02-16 14:41:15,982 - INFO - Episode data saved successfully
2025-02-16 14:41:15,983 - INFO - Q-table saved successfully
2025-02-16 14:41:18,804 - INFO - Episode complete! Total reward: -8881.693196296692
2025-02-16 14:41:18,807 - INFO - Episode data saved successfully
2025-02-16 14:41:18,808 - INFO - Q-table saved successfully
2025-02-16 14:41:21,778 - INFO - Episode complete! Total reward: -8875.851690769196
2025-02-16 14:41:21,780 - INFO - Episode data saved successfully
2025-02-16 14:41:21,782 - INFO - Q-table saved successfully
2025-02-16 14:41:25,134 - INFO - Episode complete! Total reward: -8628.35658788681
2025-02-16 14:41:25,136 - INFO - Episode data saved successfully
2025-02-16 14:41:25,138 - INFO - Q-table saved successfully
2025-02-16 14:41:27,995 - INFO - Episode complete! Total reward: -8882.42861032486
2025-02-16 14:41:27,997 - INFO - Episode data saved successfully
2025-02-16 14:41:27,998 - INFO - Q-table saved successfully
2025-02-16 14:41:30,853 - INFO - Episode complete! Total reward: -8655.746393203735
2025-02-16 14:41:30,856 - INFO - Episode data saved successfully
2025-02-16 14:41:30,857 - INFO - Q-table saved successfully
2025-02-16 14:41:33,816 - INFO - Episode complete! Total reward: -8749.719235897064
2025-02-16 14:41:33,818 - INFO - Episode data saved successfully
2025-02-16 14:41:33,819 - INFO - Q-table saved successfully
2025-02-16 14:41:37,004 - INFO - Episode complete! Total reward: -8788.565194606781
2025-02-16 14:41:37,006 - INFO - Episode data saved successfully
2025-02-16 14:41:37,008 - INFO - Q-table saved successfully
2025-02-16 14:41:40,022 - INFO - Episode complete! Total reward: -8701.994333267212
2025-02-16 14:41:40,024 - INFO - Episode data saved successfully
2025-02-16 14:41:40,026 - INFO - Q-table saved successfully
2025-02-16 14:41:42,949 - INFO - Episode complete! Total reward: -8651.842391490936
2025-02-16 14:41:42,952 - INFO - Episode data saved successfully
2025-02-16 14:41:42,953 - INFO - Q-table saved successfully
2025-02-16 14:41:47,599 - INFO - Episode complete! Total reward: -8649.68632221222
2025-02-16 14:41:47,602 - INFO - Episode data saved successfully
2025-02-16 14:41:47,603 - INFO - Q-table saved successfully
2025-02-16 14:57:39,135 - INFO - Episode complete! Total reward: -238.47785234451294
2025-02-16 14:57:39,170 - INFO - Episode data saved successfully
2025-02-16 14:57:39,178 - INFO - Q-table saved successfully
2025-02-16 14:57:42,621 - INFO - Episode complete! Total reward: -8774.821546077728
2025-02-16 14:57:42,624 - INFO - Episode data saved successfully
2025-02-16 14:57:42,626 - INFO - Q-table saved successfully
2025-02-16 15:12:55,231 - INFO - Episode complete! Total reward: -578.8182830810547
2025-02-16 15:12:55,233 - INFO - Episode data saved successfully
2025-02-16 15:12:55,235 - INFO - Q-table saved successfully
2025-02-16 15:12:58,040 - INFO - Episode complete! Total reward: -8659.522223472595
2025-02-16 15:12:58,043 - INFO - Episode data saved successfully
2025-02-16 15:12:58,044 - INFO - Q-table saved successfully
2025-02-16 15:22:45,850 - INFO - Episode complete! Total reward: -10000.0
2025-02-16 15:22:45,851 - INFO - Episode data saved successfully
2025-02-16 15:22:45,853 - INFO - Q-table saved successfully
2025-02-16 15:22:49,902 - INFO - Episode complete! Total reward: -8824.905908107758
2025-02-16 15:22:49,904 - INFO - Episode data saved successfully
2025-02-16 15:22:49,907 - INFO - Q-table saved successfully
2025-02-16 15:22:53,696 - INFO - Episode complete! Total reward: -8833.88226032257
2025-02-16 15:22:53,698 - INFO - Episode data saved successfully
2025-02-16 15:22:53,700 - INFO - Q-table saved successfully
2025-02-16 15:22:57,212 - INFO - Episode complete! Total reward: -8618.128144741058
2025-02-16 15:22:57,213 - INFO - Episode data saved successfully
2025-02-16 15:22:57,215 - INFO - Q-table saved successfully
2025-02-16 15:23:03,080 - INFO - Episode complete! Total reward: -8479.443547725677
2025-02-16 15:23:03,082 - INFO - Episode data saved successfully
2025-02-16 15:23:03,083 - INFO - Q-table saved successfully
2025-02-16 15:23:07,809 - INFO - Episode complete! Total reward: -8547.07100391388
2025-02-16 15:23:07,811 - INFO - Episode data saved successfully
2025-02-16 15:23:07,813 - INFO - Q-table saved successfully
2025-02-16 15:23:12,428 - INFO - Episode complete! Total reward: -8793.859910964966
2025-02-16 15:23:12,430 - INFO - Episode data saved successfully
2025-02-16 15:23:12,432 - INFO - Q-table saved successfully
2025-02-16 15:23:15,281 - INFO - Episode complete! Total reward: -8806.901788711548
2025-02-16 15:23:15,283 - INFO - Episode data saved successfully
2025-02-16 15:23:15,284 - INFO - Q-table saved successfully
2025-02-16 15:23:18,079 - INFO - Episode complete! Total reward: -8609.550046920776
2025-02-16 15:23:18,082 - INFO - Episode data saved successfully
2025-02-16 15:23:18,084 - INFO - Q-table saved successfully
2025-02-16 15:23:21,257 - INFO - Episode complete! Total reward: -8737.236385345459
2025-02-16 15:23:21,259 - INFO - Episode data saved successfully
2025-02-16 15:23:21,261 - INFO - Q-table saved successfully
2025-02-16 15:23:24,485 - INFO - Episode complete! Total reward: -8786.08038187027
2025-02-16 15:23:24,487 - INFO - Episode data saved successfully
2025-02-16 15:23:24,489 - INFO - Q-table saved successfully
2025-02-16 15:23:27,400 - INFO - Episode complete! Total reward: -8802.91868686676
2025-02-16 15:23:27,401 - INFO - Episode data saved successfully
2025-02-16 15:23:27,403 - INFO - Q-table saved successfully
2025-02-16 15:23:30,316 - INFO - Episode complete! Total reward: -8879.184901714325
2025-02-16 15:23:30,318 - INFO - Episode data saved successfully
2025-02-16 15:23:30,320 - INFO - Q-table saved successfully
2025-02-16 15:38:43,213 - INFO - Episode complete! Total reward: -776.0683798789978
2025-02-16 15:38:43,217 - INFO - Episode data saved successfully
2025-02-16 15:38:43,225 - INFO - Q-table saved successfully
2025-02-16 15:38:46,144 - INFO - Episode complete! Total reward: -8881.436085700989
2025-02-16 15:38:46,147 - INFO - Episode data saved successfully
2025-02-16 15:38:46,148 - INFO - Q-table saved successfully
2025-02-16 15:42:07,912 - INFO - Episode complete! Total reward: 64.82614040374756
2025-02-16 15:42:07,925 - INFO - Episode data saved successfully
2025-02-16 15:42:07,973 - INFO - Q-table saved successfully
2025-02-16 15:42:10,980 - INFO - Episode complete! Total reward: -8649.083347320557
2025-02-16 15:42:10,982 - INFO - Episode data saved successfully
2025-02-16 15:42:10,984 - INFO - Q-table saved successfully
2025-02-16 15:42:13,977 - INFO - Episode complete! Total reward: -8874.633002281189
2025-02-16 15:42:13,980 - INFO - Episode data saved successfully
2025-02-16 15:42:13,982 - INFO - Q-table saved successfully
2025-02-16 15:42:20,863 - INFO - Episode complete! Total reward: -8416.1585855484
2025-02-16 15:42:20,866 - INFO - Episode data saved successfully
2025-02-16 15:42:20,868 - INFO - Q-table saved successfully
2025-02-16 15:42:23,848 - INFO - Episode complete! Total reward: -8801.238148212433
2025-02-16 15:42:23,851 - INFO - Episode data saved successfully
2025-02-16 15:42:23,853 - INFO - Q-table saved successfully
2025-02-16 15:42:27,809 - INFO - Episode complete! Total reward: -8825.360798835754
2025-02-16 15:42:27,812 - INFO - Episode data saved successfully
2025-02-16 15:42:27,813 - INFO - Q-table saved successfully
2025-02-16 15:42:30,709 - INFO - Episode complete! Total reward: -8878.57894897461
2025-02-16 15:42:30,712 - INFO - Episode data saved successfully
2025-02-16 15:42:30,714 - INFO - Q-table saved successfully
2025-02-16 15:42:33,857 - INFO - Episode complete! Total reward: -8865.8656001091
2025-02-16 15:42:33,860 - INFO - Episode data saved successfully
2025-02-16 15:42:33,861 - INFO - Q-table saved successfully
2025-02-16 15:42:37,123 - INFO - Episode complete! Total reward: -8736.152584552765
2025-02-16 15:42:37,125 - INFO - Episode data saved successfully
2025-02-16 15:42:37,126 - INFO - Q-table saved successfully
2025-02-16 15:59:05,068 - INFO - Episode complete! Total reward: 25.07171869277954
2025-02-16 15:59:05,079 - INFO - Episode data saved successfully
2025-02-16 15:59:05,084 - INFO - Q-table saved successfully
2025-02-16 16:15:23,047 - INFO - Episode complete! Total reward: 25.423519611358643
2025-02-16 16:15:23,051 - INFO - Episode data saved successfully
2025-02-16 16:15:23,053 - INFO - Q-table saved successfully
2025-02-16 16:21:28,943 - INFO - Episode complete! Total reward: -14869.19053554535
2025-02-16 16:21:28,973 - INFO - Episode data saved successfully
2025-02-16 16:21:28,975 - INFO - Q-table saved successfully
2025-02-16 16:21:32,262 - INFO - Episode complete! Total reward: -8731.692841053009
2025-02-16 16:21:32,264 - INFO - Episode data saved successfully
2025-02-16 16:21:32,266 - INFO - Q-table saved successfully
2025-02-16 16:21:35,107 - INFO - Episode complete! Total reward: -8707.714710235596
2025-02-16 16:21:35,109 - INFO - Episode data saved successfully
2025-02-16 16:21:35,123 - INFO - Q-table saved successfully
2025-02-16 16:21:38,108 - INFO - Episode complete! Total reward: -8700.854878425598
2025-02-16 16:21:38,110 - INFO - Episode data saved successfully
2025-02-16 16:21:38,112 - INFO - Q-table saved successfully
2025-02-16 16:21:41,109 - INFO - Episode complete! Total reward: -8751.174414157867
2025-02-16 16:21:41,110 - INFO - Episode data saved successfully
2025-02-16 16:21:41,112 - INFO - Q-table saved successfully
2025-02-16 16:21:44,355 - INFO - Episode complete! Total reward: -8634.770538806915
2025-02-16 16:21:44,357 - INFO - Episode data saved successfully
2025-02-16 16:21:44,359 - INFO - Q-table saved successfully
2025-02-16 16:42:12,956 - INFO - Episode complete! Total reward: 2532.2895407676697
2025-02-16 16:42:12,987 - INFO - Episode data saved successfully
2025-02-16 16:42:13,067 - INFO - Q-table saved successfully
2025-02-16 16:42:16,305 - INFO - Episode complete! Total reward: -8634.5636343956
2025-02-16 16:42:16,308 - INFO - Episode data saved successfully
2025-02-16 16:42:16,310 - INFO - Q-table saved successfully
2025-02-16 16:44:54,520 - INFO - Episode complete! Total reward: -9387.996113300323
2025-02-16 16:44:54,522 - INFO - Episode data saved successfully
2025-02-16 16:44:54,524 - INFO - Q-table saved successfully
2025-02-16 16:44:57,404 - INFO - Episode complete! Total reward: -8655.385255813599
2025-02-16 16:44:57,406 - INFO - Episode data saved successfully
2025-02-16 16:44:57,408 - INFO - Q-table saved successfully
2025-02-16 16:45:00,285 - INFO - Episode complete! Total reward: -8606.160085201263
2025-02-16 16:45:00,288 - INFO - Episode data saved successfully
2025-02-16 16:45:00,290 - INFO - Q-table saved successfully
2025-02-16 16:45:03,532 - INFO - Episode complete! Total reward: -8785.321102142334
2025-02-16 16:45:03,534 - INFO - Episode data saved successfully
2025-02-16 16:45:03,535 - INFO - Q-table saved successfully
2025-02-16 16:45:08,174 - INFO - Episode complete! Total reward: -8550.255846977234
2025-02-16 16:45:08,176 - INFO - Episode data saved successfully
2025-02-16 16:45:08,181 - INFO - Q-table saved successfully
2025-02-16 16:45:11,038 - INFO - Episode complete! Total reward: -8881.465697288513
2025-02-16 16:45:11,040 - INFO - Episode data saved successfully
2025-02-16 16:45:11,043 - INFO - Q-table saved successfully
2025-02-16 16:45:13,876 - INFO - Episode complete! Total reward: -8757.435848712921
2025-02-16 16:45:13,878 - INFO - Episode data saved successfully
2025-02-16 16:45:13,879 - INFO - Q-table saved successfully
2025-02-16 16:45:17,100 - INFO - Episode complete! Total reward: -8631.31798028946
2025-02-16 16:45:17,101 - INFO - Episode data saved successfully
2025-02-16 16:45:17,103 - INFO - Q-table saved successfully
2025-02-16 16:45:20,074 - INFO - Episode complete! Total reward: -8750.161106586456
2025-02-16 16:45:20,076 - INFO - Episode data saved successfully
2025-02-16 16:45:20,079 - INFO - Q-table saved successfully
2025-02-16 16:45:23,311 - INFO - Episode complete! Total reward: -8685.198826789856
2025-02-16 16:45:23,314 - INFO - Episode data saved successfully
2025-02-16 16:45:23,315 - INFO - Q-table saved successfully
2025-02-16 16:45:28,122 - INFO - Episode complete! Total reward: -8540.317685604095
2025-02-16 16:45:28,124 - INFO - Episode data saved successfully
2025-02-16 16:45:28,126 - INFO - Q-table saved successfully
2025-02-16 16:45:31,128 - INFO - Episode complete! Total reward: -8648.0708694458
2025-02-16 16:45:31,130 - INFO - Episode data saved successfully
2025-02-16 16:45:31,131 - INFO - Q-table saved successfully
2025-02-16 16:45:34,179 - INFO - Episode complete! Total reward: -8747.371463775635
2025-02-16 16:45:34,181 - INFO - Episode data saved successfully
2025-02-16 16:45:34,183 - INFO - Q-table saved successfully
2025-02-16 17:02:31,985 - INFO - Episode complete! Total reward: -10000.0
2025-02-16 17:02:31,987 - INFO - Episode data saved successfully
2025-02-16 17:02:31,993 - INFO - Q-table saved successfully
2025-02-16 17:19:21,887 - INFO - Episode complete! Total reward: 294.61387872695923
2025-02-16 17:19:21,889 - INFO - Episode data saved successfully
2025-02-16 17:19:21,892 - INFO - Q-table saved successfully
2025-02-16 17:19:24,889 - INFO - Episode complete! Total reward: -8802.361521720886
2025-02-16 17:19:24,891 - INFO - Episode data saved successfully
2025-02-16 17:19:24,893 - INFO - Q-table saved successfully
2025-02-16 17:36:43,920 - INFO - Episode complete! Total reward: -10000.0
2025-02-16 17:36:43,921 - INFO - Episode data saved successfully
2025-02-16 17:36:43,925 - INFO - Q-table saved successfully
2025-02-16 17:36:46,784 - INFO - Episode complete! Total reward: -8882.307696342468
2025-02-16 17:36:46,786 - INFO - Episode data saved successfully
2025-02-16 17:36:46,788 - INFO - Q-table saved successfully
2025-02-16 17:54:11,902 - INFO - Episode complete! Total reward: -10000.0
2025-02-16 17:54:11,904 - INFO - Episode data saved successfully
2025-02-16 17:54:11,907 - INFO - Q-table saved successfully
2025-02-16 17:54:15,896 - INFO - Episode complete! Total reward: -8829.069900512695
2025-02-16 17:54:15,899 - INFO - Episode data saved successfully
2025-02-16 17:54:15,901 - INFO - Q-table saved successfully
2025-02-16 18:00:08,815 - INFO - Episode complete! Total reward: -6325.130879878998
2025-02-16 18:00:08,820 - INFO - Episode data saved successfully
2025-02-16 18:00:08,822 - INFO - Q-table saved successfully
2025-02-16 18:00:11,867 - INFO - Episode complete! Total reward: -8875.794959068298
2025-02-16 18:00:11,870 - INFO - Episode data saved successfully
2025-02-16 18:00:11,877 - INFO - Q-table saved successfully
2025-02-16 18:00:15,210 - INFO - Episode complete! Total reward: -8782.769391536713
2025-02-16 18:00:15,212 - INFO - Episode data saved successfully
2025-02-16 18:00:15,213 - INFO - Q-table saved successfully
2025-02-16 18:00:18,104 - INFO - Episode complete! Total reward: -8881.101560592651
2025-02-16 18:00:18,106 - INFO - Episode data saved successfully
2025-02-16 18:00:18,108 - INFO - Q-table saved successfully
2025-02-16 18:00:21,335 - INFO - Episode complete! Total reward: -8863.846254348755
2025-02-16 18:00:21,338 - INFO - Episode data saved successfully
2025-02-16 18:00:21,340 - INFO - Q-table saved successfully
2025-02-16 18:00:24,561 - INFO - Episode complete! Total reward: -8788.175163269043
2025-02-16 18:00:24,563 - INFO - Episode data saved successfully
2025-02-16 18:00:24,565 - INFO - Q-table saved successfully
2025-02-16 18:18:24,714 - INFO - Episode complete! Total reward: 411.0916590690613
2025-02-16 18:18:24,724 - INFO - Episode data saved successfully
2025-02-16 18:18:24,726 - INFO - Q-table saved successfully
2025-02-16 18:34:03,931 - INFO - Episode complete! Total reward: -9333.746945858002
2025-02-16 18:34:03,937 - INFO - Episode data saved successfully
2025-02-16 18:34:03,945 - INFO - Q-table saved successfully
2025-02-16 18:34:06,896 - INFO - Episode complete! Total reward: -8708.184206485748
2025-02-16 18:34:06,898 - INFO - Episode data saved successfully
2025-02-16 18:34:06,900 - INFO - Q-table saved successfully
2025-02-16 18:49:33,871 - INFO - Episode complete! Total reward: -10000.0
2025-02-16 18:49:33,875 - INFO - Episode data saved successfully
2025-02-16 18:49:33,876 - INFO - Q-table saved successfully
2025-02-16 19:06:07,553 - INFO - Episode complete! Total reward: 344.81727838516235
2025-02-16 19:06:07,616 - INFO - Episode data saved successfully
2025-02-16 19:06:07,666 - INFO - Q-table saved successfully
2025-02-16 19:06:11,000 - INFO - Episode complete! Total reward: -8733.119177818298
2025-02-16 19:06:11,003 - INFO - Episode data saved successfully
2025-02-16 19:06:11,005 - INFO - Q-table saved successfully
2025-02-16 19:23:41,575 - INFO - Episode complete! Total reward: 0.0
2025-02-16 19:23:41,592 - INFO - Episode data saved successfully
2025-02-16 19:23:41,640 - INFO - Q-table saved successfully
2025-02-16 19:23:44,784 - INFO - Episode complete! Total reward: -8797.0685505867
2025-02-16 19:23:44,787 - INFO - Episode data saved successfully
2025-02-16 19:23:44,789 - INFO - Q-table saved successfully
2025-02-16 19:41:37,767 - INFO - Episode complete! Total reward: 1024.9624991416931
2025-02-16 19:41:37,776 - INFO - Episode data saved successfully
2025-02-16 19:41:37,782 - INFO - Q-table saved successfully
2025-02-16 19:41:40,985 - INFO - Episode complete! Total reward: -8866.014695167542
2025-02-16 19:41:40,987 - INFO - Episode data saved successfully
2025-02-16 19:41:40,989 - INFO - Q-table saved successfully
2025-02-16 19:58:28,716 - INFO - Episode complete! Total reward: -10000.0
2025-02-16 19:58:28,728 - INFO - Episode data saved successfully
2025-02-16 19:58:28,730 - INFO - Q-table saved successfully
2025-02-16 19:58:33,499 - INFO - Episode complete! Total reward: -8639.902884960175
2025-02-16 19:58:33,501 - INFO - Episode data saved successfully
2025-02-16 19:58:33,504 - INFO - Q-table saved successfully
2025-02-16 20:33:49,671 - INFO - Episode complete! Total reward: 858.8091492652893
2025-02-16 20:33:49,677 - INFO - Episode data saved successfully
2025-02-16 20:33:49,679 - INFO - Q-table saved successfully
2025-02-16 20:33:53,729 - INFO - Episode complete! Total reward: -8824.31149482727
2025-02-16 20:33:53,731 - INFO - Episode data saved successfully
2025-02-16 20:33:53,733 - INFO - Q-table saved successfully
2025-02-16 20:49:02,694 - INFO - Episode complete! Total reward: -10000.0
2025-02-16 20:49:02,696 - INFO - Episode data saved successfully
2025-02-16 20:49:02,698 - INFO - Q-table saved successfully
2025-02-16 20:49:05,948 - INFO - Episode complete! Total reward: -8862.650060653687
2025-02-16 20:49:05,949 - INFO - Episode data saved successfully
2025-02-16 20:49:05,951 - INFO - Q-table saved successfully
2025-02-16 21:06:02,469 - INFO - Episode complete! Total reward: 261.5314984321594
2025-02-16 21:06:02,515 - INFO - Episode data saved successfully
2025-02-16 21:06:02,517 - INFO - Q-table saved successfully
2025-02-16 21:06:05,455 - INFO - Episode complete! Total reward: -8704.595761299133
2025-02-16 21:06:05,458 - INFO - Episode data saved successfully
2025-02-16 21:06:05,460 - INFO - Q-table saved successfully
2025-02-16 21:11:28,481 - INFO - Episode complete! Total reward: -6723.9203906059265
2025-02-16 21:11:28,483 - INFO - Episode data saved successfully
2025-02-16 21:11:28,487 - INFO - Q-table saved successfully
2025-02-16 21:11:31,702 - INFO - Episode complete! Total reward: -8736.385324001312
2025-02-16 21:11:31,705 - INFO - Episode data saved successfully
2025-02-16 21:11:31,707 - INFO - Q-table saved successfully
2025-02-16 21:11:35,052 - INFO - Episode complete! Total reward: -8729.9991106987
2025-02-16 21:11:35,054 - INFO - Episode data saved successfully
2025-02-16 21:11:35,056 - INFO - Q-table saved successfully
2025-02-16 21:11:41,902 - INFO - Episode complete! Total reward: -8519.01034116745
2025-02-16 21:11:41,906 - INFO - Episode data saved successfully
2025-02-16 21:11:41,908 - INFO - Q-table saved successfully
2025-02-16 21:11:45,283 - INFO - Episode complete! Total reward: -8779.239873886108
2025-02-16 21:11:45,285 - INFO - Episode data saved successfully
2025-02-16 21:11:45,287 - INFO - Q-table saved successfully
2025-02-16 21:11:48,215 - INFO - Episode complete! Total reward: -8803.922505378723
2025-02-16 21:11:48,217 - INFO - Episode data saved successfully
2025-02-16 21:11:48,219 - INFO - Q-table saved successfully
2025-02-16 21:11:53,713 - INFO - Episode complete! Total reward: -8502.20407485962
2025-02-16 21:11:53,715 - INFO - Episode data saved successfully
2025-02-16 21:11:53,718 - INFO - Q-table saved successfully
2025-02-16 21:27:07,623 - INFO - Episode complete! Total reward: -10000.0
2025-02-16 21:27:07,650 - INFO - Episode data saved successfully
2025-02-16 21:27:07,653 - INFO - Q-table saved successfully
2025-02-16 21:27:10,564 - INFO - Episode complete! Total reward: -8807.106401920319
2025-02-16 21:27:10,566 - INFO - Episode data saved successfully
2025-02-16 21:27:10,568 - INFO - Q-table saved successfully
2025-02-16 21:42:26,343 - INFO - Episode complete! Total reward: 65.37217140197754
2025-02-16 21:42:26,381 - INFO - Episode data saved successfully
2025-02-16 21:42:26,425 - INFO - Q-table saved successfully
2025-02-16 22:00:15,529 - INFO - Episode complete! Total reward: 836.3628911972046
2025-02-16 22:00:15,531 - INFO - Episode data saved successfully
2025-02-16 22:00:15,534 - INFO - Q-table saved successfully
2025-02-16 22:17:22,513 - INFO - Episode complete! Total reward: 414.4544577598572
2025-02-16 22:17:22,516 - INFO - Episode data saved successfully
2025-02-16 22:17:22,518 - INFO - Q-table saved successfully
2025-02-16 22:34:03,513 - INFO - Episode complete! Total reward: 355.17128229141235
2025-02-16 22:34:03,517 - INFO - Episode data saved successfully
2025-02-16 22:34:03,519 - INFO - Q-table saved successfully
2025-02-16 22:50:48,476 - INFO - Episode complete! Total reward: 395.00070810317993
2025-02-16 22:50:48,503 - INFO - Episode data saved successfully
2025-02-16 22:50:48,517 - INFO - Q-table saved successfully
2025-02-16 23:07:57,284 - INFO - Episode complete! Total reward: 93.6322021484375
2025-02-16 23:07:57,286 - INFO - Episode data saved successfully
2025-02-16 23:07:57,305 - INFO - Q-table saved successfully
2025-02-16 23:24:11,443 - INFO - Episode complete! Total reward: -213.520929813385
2025-02-16 23:24:11,445 - INFO - Episode data saved successfully
2025-02-16 23:24:11,447 - INFO - Q-table saved successfully
2025-02-16 23:41:30,405 - INFO - Episode complete! Total reward: 484.63125944137573
2025-02-16 23:41:30,416 - INFO - Episode data saved successfully
2025-02-16 23:41:30,440 - INFO - Q-table saved successfully
2025-02-16 23:41:35,181 - INFO - Episode complete! Total reward: -8543.764975070953
2025-02-16 23:41:35,183 - INFO - Episode data saved successfully
2025-02-16 23:41:35,186 - INFO - Q-table saved successfully
2025-02-16 23:56:50,923 - INFO - Episode complete! Total reward: -8881.439554691315
2025-02-16 23:56:50,925 - INFO - Episode data saved successfully
2025-02-16 23:56:50,928 - INFO - Q-table saved successfully
2025-02-17 00:12:51,387 - INFO - Episode complete! Total reward: -299.8412013053894
2025-02-17 00:12:51,413 - INFO - Episode data saved successfully
2025-02-17 00:12:51,418 - INFO - Q-table saved successfully
2025-02-17 00:12:54,406 - INFO - Episode complete! Total reward: -8704.210851192474
2025-02-17 00:12:54,410 - INFO - Episode data saved successfully
2025-02-17 00:12:54,412 - INFO - Q-table saved successfully
2025-02-17 00:30:15,393 - INFO - Episode complete! Total reward: 554.9303197860718
2025-02-17 00:30:15,403 - INFO - Episode data saved successfully
2025-02-17 00:30:15,405 - INFO - Q-table saved successfully
2025-02-17 00:30:18,486 - INFO - Episode complete! Total reward: -8748.317439556122
2025-02-17 00:30:18,489 - INFO - Episode data saved successfully
2025-02-17 00:30:18,490 - INFO - Q-table saved successfully
2025-02-17 00:45:37,325 - INFO - Episode complete! Total reward: -616.299409866333
2025-02-17 00:45:37,328 - INFO - Episode data saved successfully
2025-02-17 00:45:37,331 - INFO - Q-table saved successfully
2025-02-17 00:45:40,414 - INFO - Episode complete! Total reward: -8645.18881559372
2025-02-17 00:45:40,416 - INFO - Episode data saved successfully
2025-02-17 00:45:40,417 - INFO - Q-table saved successfully
2025-02-17 00:57:49,337 - INFO - Episode complete! Total reward: -2415.7930779457092
2025-02-17 00:57:49,340 - INFO - Episode data saved successfully
2025-02-17 00:57:49,343 - INFO - Q-table saved successfully
2025-02-17 00:57:52,292 - INFO - Episode complete! Total reward: -8881.098246574402
2025-02-17 00:57:52,295 - INFO - Episode data saved successfully
2025-02-17 00:57:52,302 - INFO - Q-table saved successfully
2025-02-17 00:57:55,180 - INFO - Episode complete! Total reward: -8708.333005905151
2025-02-17 00:57:55,182 - INFO - Episode data saved successfully
2025-02-17 00:57:55,184 - INFO - Q-table saved successfully
2025-02-17 00:57:58,246 - INFO - Episode complete! Total reward: -8746.070582866669
2025-02-17 00:57:58,249 - INFO - Episode data saved successfully
2025-02-17 00:57:58,250 - INFO - Q-table saved successfully
2025-02-17 00:58:01,623 - INFO - Episode complete! Total reward: -8779.590449333191
2025-02-17 00:58:01,626 - INFO - Episode data saved successfully
2025-02-17 00:58:01,641 - INFO - Q-table saved successfully
2025-02-17 00:58:04,657 - INFO - Episode complete! Total reward: -8700.48496723175
2025-02-17 00:58:04,660 - INFO - Episode data saved successfully
2025-02-17 00:58:04,661 - INFO - Q-table saved successfully
2025-02-17 01:14:11,319 - INFO - Episode complete! Total reward: -238.40051174163818
2025-02-17 01:14:11,323 - INFO - Episode data saved successfully
2025-02-17 01:14:11,325 - INFO - Q-table saved successfully
2025-02-17 01:29:22,131 - INFO - Episode complete! Total reward: -596.6963696479797
2025-02-17 01:29:22,135 - INFO - Episode data saved successfully
2025-02-17 01:29:22,137 - INFO - Q-table saved successfully
2025-02-17 01:47:15,992 - INFO - Episode complete! Total reward: 394.73726987838745
2025-02-17 01:47:16,016 - INFO - Episode data saved successfully
2025-02-17 01:47:16,027 - INFO - Q-table saved successfully
2025-02-17 01:47:19,602 - INFO - Episode complete! Total reward: -8622.078619003296
2025-02-17 01:47:19,605 - INFO - Episode data saved successfully
2025-02-17 01:47:19,607 - INFO - Q-table saved successfully
2025-02-17 02:30:46,223 - INFO - Episode complete! Total reward: 16361.273419857025
2025-02-17 02:30:46,225 - INFO - Episode data saved successfully
2025-02-17 02:30:46,227 - INFO - Q-table saved successfully
2025-02-17 02:46:12,106 - INFO - Episode complete! Total reward: -445.89317083358765
2025-02-17 02:46:12,110 - INFO - Episode data saved successfully
2025-02-17 02:46:12,112 - INFO - Q-table saved successfully
2025-02-17 03:03:16,149 - INFO - Episode complete! Total reward: 685.2629017829895
2025-02-17 03:03:16,155 - INFO - Episode data saved successfully
2025-02-17 03:03:16,163 - INFO - Q-table saved successfully
2025-02-17 03:18:25,072 - INFO - Episode complete! Total reward: -766.138379573822
2025-02-17 03:18:25,078 - INFO - Episode data saved successfully
2025-02-17 03:18:25,081 - INFO - Q-table saved successfully
2025-02-17 03:34:15,007 - INFO - Episode complete! Total reward: -105.77552795410156
2025-02-17 03:34:15,010 - INFO - Episode data saved successfully
2025-02-17 03:34:15,013 - INFO - Q-table saved successfully
2025-02-17 04:07:46,815 - INFO - Episode complete! Total reward: 394.475200176239
2025-02-17 04:07:46,827 - INFO - Episode data saved successfully
2025-02-17 04:07:46,852 - INFO - Q-table saved successfully
2025-02-17 04:23:15,982 - INFO - Episode complete! Total reward: -313.9258074760437
2025-02-17 04:23:15,984 - INFO - Episode data saved successfully
2025-02-17 04:23:15,986 - INFO - Q-table saved successfully
2025-02-17 04:39:27,918 - INFO - Episode complete! Total reward: 64.61408853530884
2025-02-17 04:39:27,920 - INFO - Episode data saved successfully
2025-02-17 04:39:27,922 - INFO - Q-table saved successfully
2025-02-17 05:18:46,883 - INFO - Episode complete! Total reward: 13835.10243177414
2025-02-17 05:18:46,885 - INFO - Episode data saved successfully
2025-02-17 05:18:46,887 - INFO - Q-table saved successfully
2025-02-17 05:36:07,869 - INFO - Episode complete! Total reward: 755.1018905639648
2025-02-17 05:36:07,872 - INFO - Episode data saved successfully
2025-02-17 05:36:07,874 - INFO - Q-table saved successfully
2025-02-17 05:53:26,613 - INFO - Episode complete! Total reward: 343.95276069641113
2025-02-17 05:53:26,662 - INFO - Episode data saved successfully
2025-02-17 05:53:26,666 - INFO - Q-table saved successfully
2025-02-17 06:30:47,700 - INFO - Episode complete! Total reward: 12655.477578639984
2025-02-17 06:30:47,702 - INFO - Episode data saved successfully
2025-02-17 06:30:47,727 - INFO - Q-table saved successfully
2025-02-17 06:46:28,536 - INFO - Episode complete! Total reward: 145.37049055099487
2025-02-17 06:46:28,566 - INFO - Episode data saved successfully
2025-02-17 06:46:28,604 - INFO - Q-table saved successfully
2025-02-17 07:01:46,591 - INFO - Episode complete! Total reward: -724.6639895439148
2025-02-17 07:01:46,593 - INFO - Episode data saved successfully
2025-02-17 07:01:46,595 - INFO - Q-table saved successfully
2025-02-17 07:19:12,589 - INFO - Episode complete! Total reward: 655.0917887687683
2025-02-17 07:19:12,619 - INFO - Episode data saved successfully
2025-02-17 07:19:12,622 - INFO - Q-table saved successfully
2025-02-17 07:34:33,546 - INFO - Episode complete! Total reward: 347.83392906188965
2025-02-17 07:34:33,549 - INFO - Episode data saved successfully
2025-02-17 07:34:33,551 - INFO - Q-table saved successfully
2025-02-17 07:49:54,454 - INFO - Episode complete! Total reward: 346.0543704032898
2025-02-17 07:49:54,504 - INFO - Episode data saved successfully
2025-02-17 07:49:54,540 - INFO - Q-table saved successfully
2025-02-17 08:07:09,560 - INFO - Episode complete! Total reward: 795.2627801895142
2025-02-17 08:07:09,612 - INFO - Episode data saved successfully
2025-02-17 08:07:09,616 - INFO - Q-table saved successfully
2025-02-17 08:30:40,427 - INFO - Episode complete! Total reward: 344.1804885864258
2025-02-17 08:30:40,429 - INFO - Episode data saved successfully
2025-02-17 08:30:40,461 - INFO - Q-table saved successfully
2025-02-17 08:48:06,606 - INFO - Episode complete! Total reward: 556.6664505004883
2025-02-17 08:48:06,610 - INFO - Episode data saved successfully
2025-02-17 08:48:06,613 - INFO - Q-table saved successfully
2025-02-17 09:04:08,575 - INFO - Episode complete! Total reward: 64.73239183425903
2025-02-17 09:04:08,577 - INFO - Episode data saved successfully
2025-02-17 09:04:08,581 - INFO - Q-table saved successfully
2025-02-17 09:10:48,393 - INFO - Episode complete! Total reward: 494.3342614173889
2025-02-17 09:10:48,402 - INFO - Episode data saved successfully
2025-02-17 09:10:48,404 - INFO - Q-table saved successfully
2025-02-17 09:10:55,441 - INFO - Episode complete! Total reward: -8405.420472621918
2025-02-17 09:10:55,443 - INFO - Episode data saved successfully
2025-02-17 09:10:55,445 - INFO - Q-table saved successfully
2025-02-17 09:42:37,474 - INFO - Episode complete! Total reward: -433.4605288505554
2025-02-17 09:42:37,477 - INFO - Episode data saved successfully
2025-02-17 09:42:37,478 - INFO - Q-table saved successfully
2025-02-17 09:59:55,511 - INFO - Episode complete! Total reward: 775.2042388916016
2025-02-17 09:59:55,514 - INFO - Episode data saved successfully
2025-02-17 09:59:55,516 - INFO - Q-table saved successfully
2025-02-17 10:15:12,440 - INFO - Episode complete! Total reward: -485.82647800445557
2025-02-17 10:15:12,478 - INFO - Episode data saved successfully
2025-02-17 10:15:12,481 - INFO - Q-table saved successfully
2025-02-17 10:30:28,451 - INFO - Episode complete! Total reward: -445.18428087234497
2025-02-17 10:30:28,454 - INFO - Episode data saved successfully
2025-02-17 10:30:28,457 - INFO - Q-table saved successfully
2025-02-17 10:30:31,315 - INFO - Episode complete! Total reward: -8759.0594124794
2025-02-17 10:30:31,317 - INFO - Episode data saved successfully
2025-02-17 10:30:31,319 - INFO - Q-table saved successfully
2025-02-17 10:46:26,446 - INFO - Episode complete! Total reward: -10000.0
2025-02-17 10:46:26,448 - INFO - Episode data saved successfully
2025-02-17 10:46:26,450 - INFO - Q-table saved successfully
2025-02-17 11:03:06,431 - INFO - Episode complete! Total reward: 345.0383400917053
2025-02-17 11:03:06,435 - INFO - Episode data saved successfully
2025-02-17 11:03:06,437 - INFO - Q-table saved successfully
2025-02-17 11:18:56,402 - INFO - Episode complete! Total reward: -155.71888208389282
2025-02-17 11:18:56,405 - INFO - Episode data saved successfully
2025-02-17 11:18:56,407 - INFO - Q-table saved successfully
2025-02-17 11:34:16,058 - INFO - Episode complete! Total reward: 393.43286752700806
2025-02-17 11:34:16,133 - INFO - Episode data saved successfully
2025-02-17 11:34:16,168 - INFO - Q-table saved successfully
2025-02-17 11:49:24,180 - INFO - Episode complete! Total reward: 96.11501216888428
2025-02-17 11:49:24,185 - INFO - Episode data saved successfully
2025-02-17 11:49:24,187 - INFO - Q-table saved successfully
2025-02-17 12:05:31,050 - INFO - Episode complete! Total reward: 645.7785534858704
2025-02-17 12:05:31,128 - INFO - Episode data saved successfully
2025-02-17 12:05:31,142 - INFO - Q-table saved successfully
2025-02-17 12:05:36,006 - INFO - Episode complete! Total reward: -8538.802762031555
2025-02-17 12:05:36,008 - INFO - Episode data saved successfully
2025-02-17 12:05:36,010 - INFO - Q-table saved successfully
2025-02-17 12:37:34,085 - INFO - Episode complete! Total reward: 148.10858011245728
2025-02-17 12:37:34,108 - INFO - Episode data saved successfully
2025-02-17 12:37:34,126 - INFO - Q-table saved successfully
2025-02-17 12:55:34,230 - INFO - Episode complete! Total reward: 1045.6554007530212
2025-02-17 12:55:34,233 - INFO - Episode data saved successfully
2025-02-17 12:55:34,235 - INFO - Q-table saved successfully
2025-02-17 13:11:37,062 - INFO - Episode complete! Total reward: 444.4109892845154
2025-02-17 13:11:37,066 - INFO - Episode data saved successfully
2025-02-17 13:11:37,067 - INFO - Q-table saved successfully
2025-02-17 13:29:17,238 - INFO - Episode complete! Total reward: 995.8219814300537
2025-02-17 13:29:17,240 - INFO - Episode data saved successfully
2025-02-17 13:29:17,242 - INFO - Q-table saved successfully
2025-02-17 13:44:43,115 - INFO - Episode complete! Total reward: -397.0622777938843
2025-02-17 13:44:43,120 - INFO - Episode data saved successfully
2025-02-17 13:44:43,124 - INFO - Q-table saved successfully
2025-02-17 13:44:46,336 - INFO - Episode complete! Total reward: -8873.20648431778
2025-02-17 13:44:46,338 - INFO - Episode data saved successfully
2025-02-17 13:44:46,340 - INFO - Q-table saved successfully
2025-02-17 14:00:58,202 - INFO - Episode complete! Total reward: 13.594136238098145
2025-02-17 14:00:58,204 - INFO - Episode data saved successfully
2025-02-17 14:00:58,206 - INFO - Q-table saved successfully
2025-02-17 14:18:50,120 - INFO - Episode complete! Total reward: 1114.0637493133545
2025-02-17 14:18:50,122 - INFO - Episode data saved successfully
2025-02-17 14:18:50,124 - INFO - Q-table saved successfully
2025-02-17 14:18:53,325 - INFO - Episode complete! Total reward: -8645.626876354218
2025-02-17 14:18:53,327 - INFO - Episode data saved successfully
2025-02-17 14:18:53,328 - INFO - Q-table saved successfully
2025-02-17 14:34:04,082 - INFO - Episode complete! Total reward: -647.0210194587708
2025-02-17 14:34:04,087 - INFO - Episode data saved successfully
2025-02-17 14:34:04,089 - INFO - Q-table saved successfully
2025-02-17 14:49:24,046 - INFO - Episode complete! Total reward: -706.6518092155457
2025-02-17 14:49:24,099 - INFO - Episode data saved successfully
2025-02-17 14:49:24,102 - INFO - Q-table saved successfully
2025-02-17 15:07:18,030 - INFO - Episode complete! Total reward: 834.0601110458374
2025-02-17 15:07:18,032 - INFO - Episode data saved successfully
2025-02-17 15:07:18,034 - INFO - Q-table saved successfully
2025-02-17 15:25:12,010 - INFO - Episode complete! Total reward: 1134.5570182800293
2025-02-17 15:25:12,017 - INFO - Episode data saved successfully
2025-02-17 15:25:12,021 - INFO - Q-table saved successfully
2025-02-17 15:25:16,193 - INFO - Episode complete! Total reward: -8682.797555923462
2025-02-17 15:25:16,196 - INFO - Episode data saved successfully
2025-02-17 15:25:16,198 - INFO - Q-table saved successfully
2025-02-17 15:42:35,065 - INFO - Episode complete! Total reward: -10000.0
2025-02-17 15:42:35,067 - INFO - Episode data saved successfully
2025-02-17 15:42:35,069 - INFO - Q-table saved successfully
2025-02-17 15:57:56,973 - INFO - Episode complete! Total reward: -586.1141896247864
2025-02-17 15:57:56,976 - INFO - Episode data saved successfully
2025-02-17 15:57:56,979 - INFO - Q-table saved successfully
2025-02-17 16:14:23,908 - INFO - Episode complete! Total reward: -36.03412866592407
2025-02-17 16:14:23,911 - INFO - Episode data saved successfully
2025-02-17 16:14:23,912 - INFO - Q-table saved successfully
2025-02-17 16:31:33,950 - INFO - Episode complete! Total reward: 395.43920040130615
2025-02-17 16:31:33,952 - INFO - Episode data saved successfully
2025-02-17 16:31:33,954 - INFO - Q-table saved successfully
2025-02-17 16:49:25,619 - INFO - Episode complete! Total reward: 492.85659074783325
2025-02-17 16:49:25,662 - INFO - Episode data saved successfully
2025-02-17 16:49:25,675 - INFO - Q-table saved successfully
2025-02-17 17:05:57,531 - INFO - Episode complete! Total reward: 445.2599024772644
2025-02-17 17:05:57,635 - INFO - Episode data saved successfully
2025-02-17 17:05:57,672 - INFO - Q-table saved successfully
2025-02-17 17:22:30,912 - INFO - Episode complete! Total reward: 276.73239946365356
2025-02-17 17:22:30,917 - INFO - Episode data saved successfully
2025-02-17 17:22:30,921 - INFO - Q-table saved successfully
2025-02-17 17:23:49,475 - INFO - Episode complete! Total reward: -14120.436279773712
2025-02-17 17:23:49,478 - INFO - Episode data saved successfully
2025-02-17 17:23:49,480 - INFO - Q-table saved successfully
2025-02-17 17:39:08,878 - INFO - Episode complete! Total reward: -10000.0
2025-02-17 17:39:08,881 - INFO - Episode data saved successfully
2025-02-17 17:39:08,883 - INFO - Q-table saved successfully
2025-02-17 17:39:18,429 - INFO - Episode complete! Total reward: -8551.763498783112
2025-02-17 17:39:18,432 - INFO - Episode data saved successfully
2025-02-17 17:39:18,434 - INFO - Q-table saved successfully
2025-02-17 17:54:40,569 - INFO - Episode complete! Total reward: 0.0
2025-02-17 17:54:40,574 - INFO - Episode data saved successfully
2025-02-17 17:54:40,580 - INFO - Q-table saved successfully
2025-02-17 17:54:44,776 - INFO - Episode complete! Total reward: -8634.619309902191
2025-02-17 17:54:44,779 - INFO - Episode data saved successfully
2025-02-17 17:54:44,781 - INFO - Q-table saved successfully
2025-02-17 18:11:03,646 - INFO - Episode complete! Total reward: -10000.0
2025-02-17 18:11:03,648 - INFO - Episode data saved successfully
2025-02-17 18:11:03,650 - INFO - Q-table saved successfully
2025-02-17 18:26:15,750 - INFO - Episode complete! Total reward: -633.9428281784058
2025-02-17 18:26:15,753 - INFO - Episode data saved successfully
2025-02-17 18:26:15,754 - INFO - Q-table saved successfully
2025-02-17 19:00:15,714 - INFO - Episode complete! Total reward: 10794.179561138153
2025-02-17 19:00:15,717 - INFO - Episode data saved successfully
2025-02-17 19:00:15,720 - INFO - Q-table saved successfully
2025-02-17 19:15:30,394 - INFO - Episode complete! Total reward: 493.0375909805298
2025-02-17 19:15:30,442 - INFO - Episode data saved successfully
2025-02-17 19:15:30,491 - INFO - Q-table saved successfully
2025-02-17 19:32:45,310 - ERROR - Error updating Q-value: 'd'
2025-02-17 19:32:45,498 - INFO - Episode complete! Total reward: 694.3138599395752
2025-02-17 19:32:45,500 - INFO - Episode data saved successfully
2025-02-17 19:32:45,502 - INFO - Q-table saved successfully
2025-02-17 20:08:40,594 - INFO - Episode complete! Total reward: 11995.75492143631
2025-02-17 20:08:40,595 - INFO - Episode data saved successfully
2025-02-17 20:08:40,598 - INFO - Q-table saved successfully
2025-02-17 20:24:09,347 - INFO - Episode complete! Total reward: 644.1878986358643
2025-02-17 20:24:09,357 - INFO - Episode data saved successfully
2025-02-17 20:24:09,360 - INFO - Q-table saved successfully
2025-02-17 20:41:55,394 - INFO - Episode complete! Total reward: 1104.7591185569763
2025-02-17 20:41:55,396 - INFO - Episode data saved successfully
2025-02-17 20:41:55,398 - INFO - Q-table saved successfully
2025-02-17 21:30:15,306 - ERROR - Error updating Q-value: 'w'
2025-02-17 21:30:15,472 - INFO - Episode complete! Total reward: 19095.23376941681
2025-02-17 21:30:15,474 - INFO - Episode data saved successfully
2025-02-17 21:30:15,476 - INFO - Q-table saved successfully
2025-02-17 21:48:15,376 - INFO - Episode complete! Total reward: 444.2924380302429
2025-02-17 21:48:15,384 - INFO - Episode data saved successfully
2025-02-17 21:48:15,387 - INFO - Q-table saved successfully
2025-02-17 22:05:07,405 - INFO - Episode complete! Total reward: 215.1032829284668
2025-02-17 22:05:07,411 - INFO - Episode data saved successfully
2025-02-17 22:05:07,413 - INFO - Q-table saved successfully
2025-02-17 22:05:11,966 - ERROR - Error updating Q-value: 'd'
2025-02-17 22:20:39,327 - INFO - Episode complete! Total reward: -585.9965801239014
2025-02-17 22:20:39,332 - INFO - Episode data saved successfully
2025-02-17 22:20:39,335 - INFO - Q-table saved successfully
2025-02-17 22:38:24,185 - INFO - Episode complete! Total reward: 644.5837211608887
2025-02-17 22:38:24,196 - INFO - Episode data saved successfully
2025-02-17 22:38:24,296 - INFO - Q-table saved successfully
2025-02-17 23:31:38,326 - INFO - Episode complete! Total reward: 22334.961049556732
2025-02-17 23:31:38,328 - INFO - Episode data saved successfully
2025-02-17 23:31:38,330 - INFO - Q-table saved successfully
2025-02-17 23:48:28,244 - INFO - Episode complete! Total reward: 194.70610857009888
2025-02-17 23:48:28,246 - INFO - Episode data saved successfully
2025-02-17 23:48:28,248 - INFO - Q-table saved successfully
2025-02-18 00:04:54,336 - INFO - Episode complete! Total reward: -44.27199840545654
2025-02-18 00:04:54,338 - INFO - Episode data saved successfully
2025-02-18 00:04:54,342 - INFO - Q-table saved successfully
2025-02-18 00:04:58,721 - ERROR - Error updating Q-value: ''
2025-02-18 00:20:49,021 - INFO - Episode complete! Total reward: 592.9215288162231
2025-02-18 00:20:49,036 - INFO - Episode data saved successfully
2025-02-18 00:20:49,065 - INFO - Q-table saved successfully
2025-02-18 00:38:25,217 - INFO - Episode complete! Total reward: 656.3878083229065
2025-02-18 00:38:25,219 - INFO - Episode data saved successfully
2025-02-18 00:38:25,221 - INFO - Q-table saved successfully
2025-02-18 01:31:03,978 - INFO - Episode complete! Total reward: 443.9609169960022
2025-02-18 01:31:03,986 - INFO - Episode data saved successfully
2025-02-18 01:31:03,989 - INFO - Q-table saved successfully
2025-02-18 01:36:47,106 - INFO - Episode complete! Total reward: -6474.329509735107
2025-02-18 01:36:47,108 - INFO - Episode data saved successfully
2025-02-18 01:36:47,110 - INFO - Q-table saved successfully
2025-02-18 02:00:25,144 - INFO - Episode complete! Total reward: 4424.666349887848
2025-02-18 02:00:25,147 - INFO - Episode data saved successfully
2025-02-18 02:00:25,149 - INFO - Q-table saved successfully
2025-02-18 02:29:19,883 - INFO - Episode complete! Total reward: 7442.243411540985
2025-02-18 02:29:19,900 - INFO - Episode data saved successfully
2025-02-18 02:29:19,904 - INFO - Q-table saved successfully
2025-02-18 02:29:22,938 - INFO - Episode complete! Total reward: -8707.58603811264
2025-02-18 02:29:22,988 - INFO - Episode data saved successfully
2025-02-18 02:29:22,991 - INFO - Q-table saved successfully
2025-02-18 02:45:29,803 - INFO - Episode complete! Total reward: 214.5540714263916
2025-02-18 02:45:29,810 - INFO - Episode data saved successfully
2025-02-18 02:45:29,813 - INFO - Q-table saved successfully
2025-02-18 03:00:40,048 - INFO - Episode complete! Total reward: -803.3358407020569
2025-02-18 03:00:40,050 - INFO - Episode data saved successfully
2025-02-18 03:00:40,052 - INFO - Q-table saved successfully
2025-02-18 03:17:53,665 - INFO - Episode complete! Total reward: 293.2172632217407
2025-02-18 03:17:53,748 - INFO - Episode data saved successfully
2025-02-18 03:17:53,752 - INFO - Q-table saved successfully
2025-02-18 03:35:00,899 - INFO - Episode complete! Total reward: 665.4035782814026
2025-02-18 03:35:00,912 - INFO - Episode data saved successfully
2025-02-18 03:35:00,914 - INFO - Q-table saved successfully
2025-02-18 03:59:38,897 - INFO - Episode complete! Total reward: 4875.031888484955
2025-02-18 03:59:38,899 - INFO - Episode data saved successfully
2025-02-18 03:59:38,902 - INFO - Q-table saved successfully
2025-02-18 04:15:09,653 - INFO - Episode complete! Total reward: 543.6769580841064
2025-02-18 04:15:09,656 - INFO - Episode data saved successfully
2025-02-18 04:15:09,658 - INFO - Q-table saved successfully
2025-02-18 04:30:54,791 - INFO - Episode complete! Total reward: -103.69004011154175
2025-02-18 04:30:54,793 - INFO - Episode data saved successfully
2025-02-18 04:30:54,795 - INFO - Q-table saved successfully
2025-02-18 04:47:52,776 - INFO - Episode complete! Total reward: 274.487988948822
2025-02-18 04:47:52,778 - INFO - Episode data saved successfully
2025-02-18 04:47:52,790 - INFO - Q-table saved successfully
2025-02-18 05:30:22,562 - INFO - Episode complete! Total reward: 343.60148906707764
2025-02-18 05:30:22,570 - INFO - Episode data saved successfully
2025-02-18 05:30:22,573 - INFO - Q-table saved successfully
2025-02-18 05:45:22,416 - INFO - Episode complete! Total reward: 294.7817897796631
2025-02-18 05:45:22,497 - INFO - Episode data saved successfully
2025-02-18 05:45:22,510 - INFO - Q-table saved successfully
2025-02-18 06:02:04,504 - INFO - Episode complete! Total reward: 644.7862505912781
2025-02-18 06:02:04,507 - INFO - Episode data saved successfully
2025-02-18 06:02:04,514 - INFO - Q-table saved successfully
2025-02-18 06:17:22,535 - INFO - Episode complete! Total reward: 445.20018100738525
2025-02-18 06:17:22,546 - INFO - Episode data saved successfully
2025-02-18 06:17:22,548 - INFO - Q-table saved successfully
2025-02-18 06:34:06,783 - INFO - Episode complete! Total reward: 436.568808555603
2025-02-18 06:34:06,786 - INFO - Episode data saved successfully
2025-02-18 06:34:06,787 - INFO - Q-table saved successfully
2025-02-18 06:34:11,035 - ERROR - Error updating Q-value: 'w'
2025-02-18 06:49:06,689 - INFO - Episode complete! Total reward: -907.6178479194641
2025-02-18 06:49:06,693 - INFO - Episode data saved successfully
2025-02-18 06:49:06,695 - INFO - Q-table saved successfully
2025-02-18 07:30:50,590 - INFO - Episode complete! Total reward: 15133.79644870758
2025-02-18 07:30:50,593 - INFO - Episode data saved successfully
2025-02-18 07:30:50,595 - INFO - Q-table saved successfully
2025-02-18 07:46:05,335 - INFO - Episode complete! Total reward: 394.44445848464966
2025-02-18 07:46:05,384 - INFO - Episode data saved successfully
2025-02-18 07:46:05,385 - INFO - Q-table saved successfully
2025-02-18 08:02:01,561 - INFO - Episode complete! Total reward: -244.13073778152466
2025-02-18 08:02:01,564 - INFO - Episode data saved successfully
2025-02-18 08:02:01,565 - INFO - Q-table saved successfully
2025-02-18 08:17:44,255 - INFO - Episode complete! Total reward: 292.5685501098633
2025-02-18 08:17:44,309 - INFO - Episode data saved successfully
2025-02-18 08:17:44,316 - INFO - Q-table saved successfully
2025-02-18 08:35:34,452 - INFO - Episode complete! Total reward: 794.2557215690613
2025-02-18 08:35:34,455 - INFO - Episode data saved successfully
2025-02-18 08:35:34,457 - INFO - Q-table saved successfully
2025-02-18 08:52:25,298 - INFO - Episode complete! Total reward: 552.86297082901
2025-02-18 08:52:25,325 - INFO - Episode data saved successfully
2025-02-18 08:52:25,327 - INFO - Q-table saved successfully
2025-02-18 09:08:24,242 - INFO - Episode complete! Total reward: 344.7920083999634
2025-02-18 09:08:24,262 - INFO - Episode data saved successfully
2025-02-18 09:08:24,270 - INFO - Q-table saved successfully
2025-02-18 09:25:09,438 - INFO - Episode complete! Total reward: 146.07511043548584
2025-02-18 09:25:09,440 - INFO - Episode data saved successfully
2025-02-18 09:25:09,442 - INFO - Q-table saved successfully
2025-02-18 09:25:12,581 - INFO - Episode complete! Total reward: -8750.002524852753
2025-02-18 09:25:12,583 - INFO - Episode data saved successfully
2025-02-18 09:25:12,584 - INFO - Q-table saved successfully
2025-02-18 09:49:46,362 - INFO - Episode complete! Total reward: 4932.981750965118
2025-02-18 09:49:46,365 - INFO - Episode data saved successfully
2025-02-18 09:49:46,368 - INFO - Q-table saved successfully
2025-02-18 09:49:56,075 - INFO - Episode complete! Total reward: -8545.996606349945
2025-02-18 09:49:56,077 - INFO - Episode data saved successfully
2025-02-18 09:49:56,079 - INFO - Q-table saved successfully
2025-02-18 10:28:57,147 - INFO - Episode complete! Total reward: 0.0
2025-02-18 10:28:57,149 - INFO - Episode data saved successfully
2025-02-18 10:28:57,152 - INFO - Q-table saved successfully
2025-02-18 10:46:43,303 - INFO - Episode complete! Total reward: 1056.3097500801086
2025-02-18 10:46:43,305 - INFO - Episode data saved successfully
2025-02-18 10:46:43,307 - INFO - Q-table saved successfully
2025-02-18 10:46:47,539 - ERROR - Error updating Q-value: 'd'
2025-02-18 11:02:16,250 - INFO - Episode complete! Total reward: -576.132800579071
2025-02-18 11:02:16,252 - INFO - Episode data saved successfully
2025-02-18 11:02:16,254 - INFO - Q-table saved successfully
2025-02-18 11:02:20,932 - ERROR - Error updating Q-value: 'd'
2025-02-18 11:20:03,178 - INFO - Episode complete! Total reward: 762.7663612365723
2025-02-18 11:20:03,180 - INFO - Episode data saved successfully
2025-02-18 11:20:03,183 - INFO - Q-table saved successfully
2025-02-18 11:35:38,165 - INFO - Episode complete! Total reward: -206.025869846344
2025-02-18 11:35:38,168 - INFO - Episode data saved successfully
2025-02-18 11:35:38,169 - INFO - Q-table saved successfully
2025-02-18 12:10:05,149 - INFO - Episode complete! Total reward: 10764.053299427032
2025-02-18 12:10:05,153 - INFO - Episode data saved successfully
2025-02-18 12:10:05,156 - INFO - Q-table saved successfully
2025-02-18 12:27:28,840 - INFO - Episode complete! Total reward: 543.5506415367126
2025-02-18 12:27:28,903 - INFO - Episode data saved successfully
2025-02-18 12:27:28,906 - INFO - Q-table saved successfully
2025-02-18 12:45:02,911 - INFO - Episode complete! Total reward: 395.9460520744324
2025-02-18 12:45:02,926 - INFO - Episode data saved successfully
2025-02-18 12:45:02,928 - INFO - Q-table saved successfully
2025-02-18 13:02:31,794 - INFO - Episode complete! Total reward: 296.3710689544678
2025-02-18 13:02:31,851 - INFO - Episode data saved successfully
2025-02-18 13:02:31,860 - INFO - Q-table saved successfully
2025-02-18 13:17:57,030 - INFO - Episode complete! Total reward: -654.34650182724
2025-02-18 13:17:57,033 - INFO - Episode data saved successfully
2025-02-18 13:17:57,035 - INFO - Q-table saved successfully
2025-02-18 13:34:27,749 - INFO - Episode complete! Total reward: 492.2965693473816
2025-02-18 13:34:27,793 - INFO - Episode data saved successfully
2025-02-18 13:34:27,797 - INFO - Q-table saved successfully
2025-02-18 13:34:31,064 - INFO - Episode complete! Total reward: -8745.155756473541
2025-02-18 13:34:31,066 - INFO - Episode data saved successfully
2025-02-18 13:34:31,068 - INFO - Q-table saved successfully
2025-02-18 13:50:03,992 - INFO - Episode complete! Total reward: -376.28345251083374
2025-02-18 13:50:04,019 - INFO - Episode data saved successfully
2025-02-18 13:50:04,022 - INFO - Q-table saved successfully
2025-02-18 14:07:21,763 - INFO - Episode complete! Total reward: 493.1098484992981
2025-02-18 14:07:21,787 - INFO - Episode data saved successfully
2025-02-18 14:07:21,789 - INFO - Q-table saved successfully
2025-02-18 14:23:51,822 - INFO - Episode complete! Total reward: 294.59110021591187
2025-02-18 14:23:51,824 - INFO - Episode data saved successfully
2025-02-18 14:23:51,826 - INFO - Q-table saved successfully
2025-02-18 14:40:14,666 - INFO - Episode complete! Total reward: 643.9761996269226
2025-02-18 14:40:14,693 - INFO - Episode data saved successfully
2025-02-18 14:40:14,706 - INFO - Q-table saved successfully
2025-02-18 14:56:26,915 - INFO - Episode complete! Total reward: 166.35551929473877
2025-02-18 14:56:26,917 - INFO - Episode data saved successfully
2025-02-18 14:56:26,918 - INFO - Q-table saved successfully
2025-02-18 15:12:54,682 - INFO - Episode complete! Total reward: 442.8064203262329
2025-02-18 15:12:54,697 - INFO - Episode data saved successfully
2025-02-18 15:12:54,700 - INFO - Q-table saved successfully
2025-02-18 15:30:32,535 - INFO - Episode complete! Total reward: 395.2978801727295
2025-02-18 15:30:32,618 - INFO - Episode data saved successfully
2025-02-18 15:30:32,622 - INFO - Q-table saved successfully
2025-02-18 15:47:12,850 - INFO - Episode complete! Total reward: 296.11534118652344
2025-02-18 15:47:12,852 - INFO - Episode data saved successfully
2025-02-18 15:47:12,854 - INFO - Q-table saved successfully
2025-02-18 16:03:08,830 - INFO - Episode complete! Total reward: -194.98538970947266
2025-02-18 16:03:08,832 - INFO - Episode data saved successfully
2025-02-18 16:03:08,834 - INFO - Q-table saved successfully
2025-02-18 16:18:14,832 - INFO - Episode complete! Total reward: -744.9891829490662
2025-02-18 16:18:14,835 - INFO - Episode data saved successfully
2025-02-18 16:18:14,837 - INFO - Q-table saved successfully
2025-02-18 16:33:20,804 - INFO - Episode complete! Total reward: -545.3148102760315
2025-02-18 16:33:20,809 - INFO - Episode data saved successfully
2025-02-18 16:33:20,811 - INFO - Q-table saved successfully
2025-02-18 17:04:02,757 - INFO - Episode complete! Total reward: 8714.015700817108
2025-02-18 17:04:02,760 - INFO - Episode data saved successfully
2025-02-18 17:04:02,762 - INFO - Q-table saved successfully
2025-02-18 17:21:14,671 - INFO - Episode complete! Total reward: 712.8898978233337
2025-02-18 17:21:14,674 - INFO - Episode data saved successfully
2025-02-18 17:21:14,677 - INFO - Q-table saved successfully
2025-02-18 17:38:59,684 - INFO - Episode complete! Total reward: 1094.233820438385
2025-02-18 17:38:59,687 - INFO - Episode data saved successfully
2025-02-18 17:38:59,689 - INFO - Q-table saved successfully
2025-02-18 18:02:47,452 - INFO - Episode complete! Total reward: 393.0593180656433
2025-02-18 18:02:47,455 - INFO - Episode data saved successfully
2025-02-18 18:02:47,459 - INFO - Q-table saved successfully
2025-02-18 18:02:54,212 - ERROR - Error updating Q-value: 'sa'
2025-02-18 18:18:58,449 - INFO - Episode complete! Total reward: 0.0
2025-02-18 18:18:58,454 - INFO - Episode data saved successfully
2025-02-18 18:18:58,467 - INFO - Q-table saved successfully
2025-02-18 18:59:03,202 - INFO - Episode complete! Total reward: 543.6495518684387
2025-02-18 18:59:03,308 - INFO - Episode data saved successfully
2025-02-18 18:59:03,329 - INFO - Q-table saved successfully
2025-02-18 19:16:17,225 - INFO - Episode complete! Total reward: 444.90269899368286
2025-02-18 19:16:17,278 - INFO - Episode data saved successfully
2025-02-18 19:16:17,298 - INFO - Q-table saved successfully
2025-02-18 19:32:24,153 - INFO - Episode complete! Total reward: 443.78376960754395
2025-02-18 19:32:24,256 - INFO - Episode data saved successfully
2025-02-18 19:32:24,260 - INFO - Q-table saved successfully
2025-02-18 20:08:25,294 - INFO - Episode complete! Total reward: 11854.625442028046
2025-02-18 20:08:25,296 - INFO - Episode data saved successfully
2025-02-18 20:08:25,298 - INFO - Q-table saved successfully
2025-02-18 20:24:06,156 - INFO - Episode complete! Total reward: 493.92088174819946
2025-02-18 20:24:06,177 - INFO - Episode data saved successfully
2025-02-18 20:24:06,190 - INFO - Q-table saved successfully
2025-02-18 20:41:06,240 - INFO - Episode complete! Total reward: 395.4780602455139
2025-02-18 20:41:06,243 - INFO - Episode data saved successfully
2025-02-18 20:41:06,244 - INFO - Q-table saved successfully
2025-02-18 20:58:49,386 - INFO - Episode complete! Total reward: 726.5787577629089
2025-02-18 20:58:49,388 - INFO - Episode data saved successfully
2025-02-18 20:58:49,390 - INFO - Q-table saved successfully
2025-02-18 21:13:55,399 - INFO - Episode complete! Total reward: -545.4491114616394
2025-02-18 21:13:55,402 - INFO - Episode data saved successfully
2025-02-18 21:13:55,405 - INFO - Q-table saved successfully
2025-02-18 21:13:59,796 - ERROR - Error updating Q-value: 'wd'
2025-02-18 21:30:23,203 - INFO - Episode complete! Total reward: -26.475350856781006
2025-02-18 21:30:23,205 - INFO - Episode data saved successfully
2025-02-18 21:30:23,207 - INFO - Q-table saved successfully
2025-02-18 21:30:26,427 - INFO - Episode complete! Total reward: -8643.536427021027
2025-02-18 21:30:26,430 - INFO - Episode data saved successfully
2025-02-18 21:30:26,431 - INFO - Q-table saved successfully
2025-02-18 21:46:19,302 - INFO - Episode complete! Total reward: -176.14599227905273
2025-02-18 21:46:19,305 - INFO - Episode data saved successfully
2025-02-18 21:46:19,307 - INFO - Q-table saved successfully
2025-02-18 22:01:45,155 - INFO - Episode complete! Total reward: -646.6977715492249
2025-02-18 22:01:45,171 - INFO - Episode data saved successfully
2025-02-18 22:01:45,176 - INFO - Q-table saved successfully
2025-02-18 22:19:06,248 - INFO - Episode complete! Total reward: 504.6924686431885
2025-02-18 22:19:06,250 - INFO - Episode data saved successfully
2025-02-18 22:19:06,253 - INFO - Q-table saved successfully
2025-02-18 22:34:58,208 - INFO - Episode complete! Total reward: -86.83899164199829
2025-02-18 22:34:58,210 - INFO - Episode data saved successfully
2025-02-18 22:34:58,212 - INFO - Q-table saved successfully
2025-02-18 22:35:02,365 - ERROR - Error updating Q-value: 'w'
2025-02-18 22:50:10,223 - INFO - Episode complete! Total reward: -486.5129613876343
2025-02-18 22:50:10,225 - INFO - Episode data saved successfully
2025-02-18 22:50:10,228 - INFO - Q-table saved successfully
2025-02-18 22:50:13,237 - INFO - Episode complete! Total reward: -8709.677512645721
2025-02-18 22:50:13,239 - INFO - Episode data saved successfully
2025-02-18 22:50:13,240 - INFO - Q-table saved successfully
2025-02-18 23:06:39,220 - INFO - Episode complete! Total reward: 54.77211236953735
2025-02-18 23:06:39,222 - INFO - Episode data saved successfully
2025-02-18 23:06:39,224 - INFO - Q-table saved successfully
2025-02-18 23:06:42,171 - INFO - Episode complete! Total reward: -8659.982767105103
2025-02-18 23:06:42,173 - INFO - Episode data saved successfully
2025-02-18 23:06:42,175 - INFO - Q-table saved successfully
2025-02-18 23:21:53,136 - INFO - Episode complete! Total reward: -695.4241490364075
2025-02-18 23:21:53,138 - INFO - Episode data saved successfully
2025-02-18 23:21:53,141 - INFO - Q-table saved successfully
2025-02-18 23:37:22,157 - INFO - Episode complete! Total reward: -364.7178268432617
2025-02-18 23:37:22,160 - INFO - Episode data saved successfully
2025-02-18 23:37:22,162 - INFO - Q-table saved successfully
2025-02-18 23:54:37,981 - INFO - Episode complete! Total reward: 751.8592715263367
2025-02-18 23:54:37,996 - INFO - Episode data saved successfully
2025-02-18 23:54:38,010 - INFO - Q-table saved successfully
2025-02-19 00:11:58,944 - INFO - Episode complete! Total reward: 543.9837503433228
2025-02-19 00:11:59,008 - INFO - Episode data saved successfully
2025-02-19 00:11:59,009 - INFO - Q-table saved successfully
2025-02-19 00:28:24,999 - INFO - Episode complete! Total reward: 253.5975980758667
2025-02-19 00:28:25,002 - INFO - Episode data saved successfully
2025-02-19 00:28:25,004 - INFO - Q-table saved successfully
2025-02-19 00:45:31,048 - INFO - Episode complete! Total reward: 654.436206817627
2025-02-19 00:45:31,050 - INFO - Episode data saved successfully
2025-02-19 00:45:31,052 - INFO - Q-table saved successfully
2025-02-19 01:02:15,918 - INFO - Episode complete! Total reward: 492.1289300918579
2025-02-19 01:02:15,965 - INFO - Episode data saved successfully
2025-02-19 01:02:15,972 - INFO - Q-table saved successfully
2025-02-19 01:19:29,920 - INFO - Episode complete! Total reward: 732.6406192779541
2025-02-19 01:19:29,922 - INFO - Episode data saved successfully
2025-02-19 01:19:29,924 - INFO - Q-table saved successfully
2025-02-19 01:35:12,845 - INFO - Episode complete! Total reward: -276.025230884552
2025-02-19 01:35:12,863 - INFO - Episode data saved successfully
2025-02-19 01:35:12,866 - INFO - Q-table saved successfully
2025-02-19 01:52:02,934 - INFO - Episode complete! Total reward: 494.83871936798096
2025-02-19 01:52:02,938 - INFO - Episode data saved successfully
2025-02-19 01:52:02,940 - INFO - Q-table saved successfully
2025-02-19 02:09:31,890 - INFO - Episode complete! Total reward: -10000.0
2025-02-19 02:09:31,893 - INFO - Episode data saved successfully
2025-02-19 02:09:31,895 - INFO - Q-table saved successfully
2025-02-19 02:15:47,735 - INFO - Episode complete! Total reward: 443.6061477661133
2025-02-19 02:15:47,748 - INFO - Episode data saved successfully
2025-02-19 02:15:47,756 - INFO - Q-table saved successfully
2025-02-19 02:33:45,858 - INFO - Episode complete! Total reward: 1125.08780002594
2025-02-19 02:33:45,862 - INFO - Episode data saved successfully
2025-02-19 02:33:45,864 - INFO - Q-table saved successfully
2025-02-19 02:51:41,910 - INFO - Episode complete! Total reward: 854.5764303207397
2025-02-19 02:51:41,913 - INFO - Episode data saved successfully
2025-02-19 02:51:41,915 - INFO - Q-table saved successfully
2025-02-19 03:09:18,815 - INFO - Episode complete! Total reward: 1013.8133811950684
2025-02-19 03:09:18,817 - INFO - Episode data saved successfully
2025-02-19 03:09:18,819 - INFO - Q-table saved successfully
2025-02-19 03:24:41,518 - INFO - Episode complete! Total reward: 192.0903205871582
2025-02-19 03:24:41,548 - INFO - Episode data saved successfully
2025-02-19 03:24:41,551 - INFO - Q-table saved successfully
2025-02-19 03:24:45,656 - INFO - Episode complete! Total reward: -8832.156455516815
2025-02-19 03:24:45,660 - INFO - Episode data saved successfully
2025-02-19 03:24:45,672 - INFO - Q-table saved successfully
2025-02-19 03:42:20,553 - INFO - Episode complete! Total reward: 0.0
2025-02-19 03:42:20,562 - INFO - Episode data saved successfully
2025-02-19 03:42:20,564 - INFO - Q-table saved successfully
2025-02-19 04:00:06,390 - INFO - Episode complete! Total reward: 296.05502128601074
2025-02-19 04:00:06,498 - INFO - Episode data saved successfully
2025-02-19 04:00:06,506 - INFO - Q-table saved successfully
2025-02-19 04:16:34,783 - INFO - Episode complete! Total reward: -23.735880851745605
2025-02-19 04:16:34,785 - INFO - Episode data saved successfully
2025-02-19 04:16:34,787 - INFO - Q-table saved successfully
2025-02-19 04:16:37,905 - INFO - Episode complete! Total reward: -8601.81011915207
2025-02-19 04:16:37,908 - INFO - Episode data saved successfully
2025-02-19 04:16:37,909 - INFO - Q-table saved successfully
2025-02-19 04:32:07,543 - INFO - Episode complete! Total reward: 312.1894693374634
2025-02-19 04:32:07,545 - INFO - Episode data saved successfully
2025-02-19 04:32:07,547 - INFO - Q-table saved successfully
2025-02-19 04:56:38,421 - INFO - Episode complete! Total reward: 494.58389043807983
2025-02-19 04:56:38,485 - INFO - Episode data saved successfully
2025-02-19 04:56:38,488 - INFO - Q-table saved successfully
2025-02-19 05:11:46,640 - INFO - Episode complete! Total reward: -775.4449820518494
2025-02-19 05:11:46,643 - INFO - Episode data saved successfully
2025-02-19 05:11:46,645 - INFO - Q-table saved successfully
2025-02-19 05:28:11,320 - INFO - Episode complete! Total reward: 342.5383400917053
2025-02-19 05:28:11,361 - INFO - Episode data saved successfully
2025-02-19 05:28:11,395 - INFO - Q-table saved successfully
2025-02-19 06:00:17,676 - INFO - Episode complete! Total reward: 9356.727819442749
2025-02-19 06:00:17,677 - INFO - Episode data saved successfully
2025-02-19 06:00:17,680 - INFO - Q-table saved successfully
2025-02-19 06:00:20,756 - INFO - Episode complete! Total reward: -8707.24228143692
2025-02-19 06:00:20,760 - INFO - Episode data saved successfully
2025-02-19 06:00:20,763 - INFO - Q-table saved successfully
2025-02-19 06:16:14,455 - INFO - Episode complete! Total reward: -318.7472414970398
2025-02-19 06:16:14,462 - INFO - Episode data saved successfully
2025-02-19 06:16:14,464 - INFO - Q-table saved successfully
2025-02-19 06:31:25,343 - INFO - Episode complete! Total reward: -796.14413022995
2025-02-19 06:31:25,345 - INFO - Episode data saved successfully
2025-02-19 06:31:25,347 - INFO - Q-table saved successfully
2025-02-19 07:09:24,442 - INFO - Episode complete! Total reward: 12885.147259235382
2025-02-19 07:09:24,447 - INFO - Episode data saved successfully
2025-02-19 07:09:24,450 - INFO - Q-table saved successfully
2025-02-19 07:38:39,448 - INFO - Episode complete! Total reward: 7644.026291370392
2025-02-19 07:38:39,450 - INFO - Episode data saved successfully
2025-02-19 07:38:39,452 - INFO - Q-table saved successfully
2025-02-19 07:54:47,299 - INFO - Episode complete! Total reward: -227.47756004333496
2025-02-19 07:54:47,301 - INFO - Episode data saved successfully
2025-02-19 07:54:47,304 - INFO - Q-table saved successfully
2025-02-19 08:11:29,455 - INFO - Episode complete! Total reward: 415.42046308517456
2025-02-19 08:11:29,463 - INFO - Episode data saved successfully
2025-02-19 08:11:29,468 - INFO - Q-table saved successfully
2025-02-19 08:21:02,140 - INFO - Episode complete! Total reward: 542.1074080467224
2025-02-19 08:21:02,151 - INFO - Episode data saved successfully
2025-02-19 08:21:02,154 - INFO - Q-table saved successfully
2025-02-19 08:21:05,293 - INFO - Episode complete! Total reward: -8594.975607395172
2025-02-19 08:21:05,296 - INFO - Episode data saved successfully
2025-02-19 08:21:05,298 - INFO - Q-table saved successfully
2025-02-19 08:38:21,362 - INFO - Episode complete! Total reward: 455.36529064178467
2025-02-19 08:38:21,365 - INFO - Episode data saved successfully
2025-02-19 08:38:21,367 - INFO - Q-table saved successfully
2025-02-19 08:56:13,090 - INFO - Episode complete! Total reward: 328.7479877471924
2025-02-19 08:56:13,094 - INFO - Episode data saved successfully
2025-02-19 08:56:13,098 - INFO - Q-table saved successfully
2025-02-19 09:13:04,207 - INFO - Episode complete! Total reward: 553.9748406410217
2025-02-19 09:13:04,214 - INFO - Episode data saved successfully
2025-02-19 09:13:04,228 - INFO - Q-table saved successfully
2025-02-19 09:59:09,293 - INFO - Episode complete! Total reward: 17945.25326013565
2025-02-19 09:59:09,295 - INFO - Episode data saved successfully
2025-02-19 09:59:09,296 - INFO - Q-table saved successfully
2025-02-19 09:59:12,568 - INFO - Episode complete! Total reward: -8643.498623371124
2025-02-19 09:59:12,571 - INFO - Episode data saved successfully
2025-02-19 09:59:12,573 - INFO - Q-table saved successfully
2025-02-19 10:28:55,547 - ERROR - Error updating Q-value: ''
2025-02-19 10:44:07,272 - INFO - Episode complete! Total reward: -412.7228784561157
2025-02-19 10:44:07,293 - INFO - Episode data saved successfully
2025-02-19 10:44:07,300 - INFO - Q-table saved successfully
2025-02-19 10:59:18,967 - INFO - Episode complete! Total reward: -489.53285932540894
2025-02-19 10:59:18,969 - INFO - Episode data saved successfully
2025-02-19 10:59:18,971 - INFO - Q-table saved successfully
2025-02-19 11:14:19,095 - INFO - Episode complete! Total reward: -655.667200088501
2025-02-19 11:14:19,097 - INFO - Episode data saved successfully
2025-02-19 11:14:19,099 - INFO - Q-table saved successfully
2025-02-19 11:31:57,739 - INFO - Episode complete! Total reward: 479.34385776519775
2025-02-19 11:31:57,815 - INFO - Episode data saved successfully
2025-02-19 11:31:57,827 - INFO - Q-table saved successfully
2025-02-19 11:48:29,846 - INFO - Episode complete! Total reward: 582.3884201049805
2025-02-19 11:48:29,885 - INFO - Episode data saved successfully
2025-02-19 11:48:29,886 - INFO - Q-table saved successfully
2025-02-19 12:05:15,940 - INFO - Episode complete! Total reward: 404.838650226593
2025-02-19 12:05:15,942 - INFO - Episode data saved successfully
2025-02-19 12:05:15,944 - INFO - Q-table saved successfully
2025-02-19 12:23:10,809 - INFO - Episode complete! Total reward: 992.7796292304993
2025-02-19 12:23:10,811 - INFO - Episode data saved successfully
2025-02-19 12:23:10,813 - INFO - Q-table saved successfully
2025-02-19 12:39:51,935 - INFO - Episode complete! Total reward: 454.6838307380676
2025-02-19 12:39:51,938 - INFO - Episode data saved successfully
2025-02-19 12:39:51,940 - INFO - Q-table saved successfully
2025-02-19 12:56:23,778 - INFO - Episode complete! Total reward: 162.3868203163147
2025-02-19 12:56:23,790 - INFO - Episode data saved successfully
2025-02-19 12:56:23,792 - INFO - Q-table saved successfully
2025-02-19 13:11:30,571 - INFO - Episode complete! Total reward: 329.44151163101196
2025-02-19 13:11:30,669 - INFO - Episode data saved successfully
2025-02-19 13:11:30,707 - INFO - Q-table saved successfully
2025-02-19 13:51:04,673 - INFO - Episode complete! Total reward: 431.95996046066284
2025-02-19 13:51:04,675 - INFO - Episode data saved successfully
2025-02-19 13:51:04,677 - INFO - Q-table saved successfully
2025-02-19 14:07:46,707 - INFO - Episode complete! Total reward: 364.6999478340149
2025-02-19 14:07:46,740 - INFO - Episode data saved successfully
2025-02-19 14:07:46,742 - INFO - Q-table saved successfully
2025-02-19 14:25:12,554 - INFO - Episode complete! Total reward: 380.11229276657104
2025-02-19 14:25:12,557 - INFO - Episode data saved successfully
2025-02-19 14:25:12,595 - INFO - Q-table saved successfully
2025-02-19 14:41:18,775 - INFO - Episode complete! Total reward: 55.80725908279419
2025-02-19 14:41:18,777 - INFO - Episode data saved successfully
2025-02-19 14:41:18,778 - INFO - Q-table saved successfully
2025-02-19 14:57:24,679 - INFO - Episode complete! Total reward: 642.094669342041
2025-02-19 14:57:24,681 - INFO - Episode data saved successfully
2025-02-19 14:57:24,684 - INFO - Q-table saved successfully
2025-02-19 14:57:27,871 - INFO - Episode complete! Total reward: -8650.17983675003
2025-02-19 14:57:27,873 - INFO - Episode data saved successfully
2025-02-19 14:57:27,875 - INFO - Q-table saved successfully
2025-02-19 15:30:55,537 - INFO - Episode complete! Total reward: 437.57195949554443
2025-02-19 15:30:55,540 - INFO - Episode data saved successfully
2025-02-19 15:30:55,541 - INFO - Q-table saved successfully
2025-02-19 15:48:33,644 - INFO - Episode complete! Total reward: 1024.9615383148193
2025-02-19 15:48:33,646 - INFO - Episode data saved successfully
2025-02-19 15:48:33,648 - INFO - Q-table saved successfully
2025-02-19 16:30:21,626 - INFO - Episode complete! Total reward: 15174.317948818207
2025-02-19 16:30:21,638 - INFO - Episode data saved successfully
2025-02-19 16:30:21,644 - INFO - Q-table saved successfully
2025-02-19 16:48:11,733 - INFO - Episode complete! Total reward: 945.6994819641113
2025-02-19 16:48:11,736 - INFO - Episode data saved successfully
2025-02-19 16:48:11,740 - INFO - Q-table saved successfully
2025-02-19 17:05:00,619 - INFO - Episode complete! Total reward: 382.62912034988403
2025-02-19 17:05:00,621 - INFO - Episode data saved successfully
2025-02-19 17:05:00,624 - INFO - Q-table saved successfully
2025-02-19 17:20:07,390 - INFO - Episode complete! Total reward: 379.0750575065613
2025-02-19 17:20:07,397 - INFO - Episode data saved successfully
2025-02-19 17:20:07,477 - INFO - Q-table saved successfully
2025-02-19 18:01:11,274 - INFO - Episode complete! Total reward: 529.8756909370422
2025-02-19 18:01:11,309 - INFO - Episode data saved successfully
2025-02-19 18:01:11,312 - INFO - Q-table saved successfully
2025-02-19 18:29:25,096 - INFO - Episode complete! Total reward: 280.95489025115967
2025-02-19 18:29:25,188 - INFO - Episode data saved successfully
2025-02-19 18:29:25,245 - INFO - Q-table saved successfully
2025-02-19 18:41:49,385 - INFO - Episode complete! Total reward: -2464.055631160736
2025-02-19 18:41:49,393 - INFO - Episode data saved successfully
2025-02-19 18:41:49,397 - INFO - Q-table saved successfully
2025-02-19 19:01:05,585 - INFO - Episode complete! Total reward: 1805.258059501648
2025-02-19 19:01:05,588 - INFO - Episode data saved successfully
2025-02-19 19:01:05,590 - INFO - Q-table saved successfully
2025-02-19 19:16:03,445 - INFO - Episode complete! Total reward: -927.9213905334473
2025-02-19 19:16:03,448 - INFO - Episode data saved successfully
2025-02-19 19:16:03,450 - INFO - Q-table saved successfully
2025-02-19 19:32:22,348 - INFO - Episode complete! Total reward: 82.9594898223877
2025-02-19 19:32:22,350 - INFO - Episode data saved successfully
2025-02-19 19:32:22,352 - INFO - Q-table saved successfully
2025-02-19 20:00:02,111 - INFO - Episode complete! Total reward: 278.8650417327881
2025-02-19 20:00:02,121 - INFO - Episode data saved successfully
2025-02-19 20:00:02,124 - INFO - Q-table saved successfully
2025-02-19 20:17:07,006 - INFO - Episode complete! Total reward: 238.4863781929016
2025-02-19 20:17:07,026 - INFO - Episode data saved successfully
2025-02-19 20:17:07,030 - INFO - Q-table saved successfully
2025-02-19 20:32:17,175 - INFO - Episode complete! Total reward: -554.2782115936279
2025-02-19 20:32:17,178 - INFO - Episode data saved successfully
2025-02-19 20:32:17,183 - INFO - Q-table saved successfully
2025-02-19 21:09:47,219 - INFO - Episode complete! Total reward: 12844.898889064789
2025-02-19 21:09:47,221 - INFO - Episode data saved successfully
2025-02-19 21:09:47,223 - INFO - Q-table saved successfully
2025-02-19 21:27:11,834 - INFO - Episode complete! Total reward: 488.94875288009644
2025-02-19 21:27:11,922 - INFO - Episode data saved successfully
2025-02-19 21:27:11,943 - INFO - Q-table saved successfully
2025-02-19 21:43:27,152 - INFO - Episode complete! Total reward: 95.78312158584595
2025-02-19 21:43:27,155 - INFO - Episode data saved successfully
2025-02-19 21:43:27,159 - INFO - Q-table saved successfully
2025-02-19 22:31:28,922 - INFO - Episode complete! Total reward: 19011.460859775543
2025-02-19 22:31:28,925 - INFO - Episode data saved successfully
2025-02-19 22:31:28,927 - INFO - Q-table saved successfully
2025-02-19 22:49:23,881 - ERROR - Error updating Q-value: 'w'
2025-02-19 22:49:24,089 - INFO - Episode complete! Total reward: 846.4366793632507
2025-02-19 22:49:24,091 - INFO - Episode data saved successfully
2025-02-19 22:49:24,092 - INFO - Q-table saved successfully
2025-02-19 23:06:47,053 - INFO - Episode complete! Total reward: 774.0548491477966
2025-02-19 23:06:47,079 - INFO - Episode data saved successfully
2025-02-19 23:06:47,081 - INFO - Q-table saved successfully
2025-02-19 23:23:37,776 - INFO - Episode complete! Total reward: 528.8933873176575
2025-02-19 23:23:37,780 - INFO - Episode data saved successfully
2025-02-19 23:23:37,782 - INFO - Q-table saved successfully
2025-02-19 23:38:41,883 - INFO - Episode complete! Total reward: -564.8391509056091
2025-02-19 23:38:41,886 - INFO - Episode data saved successfully
2025-02-19 23:38:41,890 - INFO - Q-table saved successfully
2025-02-19 23:55:50,997 - INFO - Episode complete! Total reward: 684.6390104293823
2025-02-19 23:55:50,999 - INFO - Episode data saved successfully
2025-02-19 23:55:51,002 - INFO - Q-table saved successfully
2025-02-20 00:13:06,872 - INFO - Episode complete! Total reward: 702.0003080368042
2025-02-20 00:13:06,876 - INFO - Episode data saved successfully
2025-02-20 00:13:06,886 - INFO - Q-table saved successfully
2025-02-20 00:28:45,776 - INFO - Episode complete! Total reward: -217.0176076889038
2025-02-20 00:28:45,813 - INFO - Episode data saved successfully
2025-02-20 00:28:45,898 - INFO - Q-table saved successfully
2025-02-20 00:44:06,915 - INFO - Episode complete! Total reward: -695.9242701530457
2025-02-20 00:44:06,917 - INFO - Episode data saved successfully
2025-02-20 00:44:06,919 - INFO - Q-table saved successfully
2025-02-20 01:01:53,871 - INFO - Episode complete! Total reward: 962.2619080543518
2025-02-20 01:01:53,873 - INFO - Episode data saved successfully
2025-02-20 01:01:53,875 - INFO - Q-table saved successfully
2025-02-20 01:01:58,191 - INFO - Episode complete! Total reward: -8584.755198955536
2025-02-20 01:01:58,193 - INFO - Episode data saved successfully
2025-02-20 01:01:58,195 - INFO - Q-table saved successfully
2025-02-20 01:35:55,812 - INFO - Episode complete! Total reward: -188.86551141738892
2025-02-20 01:35:55,814 - INFO - Episode data saved successfully
2025-02-20 01:35:55,816 - INFO - Q-table saved successfully
2025-02-20 01:51:03,807 - INFO - Episode complete! Total reward: -626.1624908447266
2025-02-20 01:51:03,809 - INFO - Episode data saved successfully
2025-02-20 01:51:03,811 - INFO - Q-table saved successfully
2025-02-20 01:51:07,874 - ERROR - Error updating Q-value: 'w'
2025-02-20 02:07:36,810 - INFO - Episode complete! Total reward: 373.7322425842285
2025-02-20 02:07:36,813 - INFO - Episode data saved successfully
2025-02-20 02:07:36,815 - INFO - Q-table saved successfully
2025-02-20 02:07:40,053 - INFO - Episode complete! Total reward: -8648.73244524002
2025-02-20 02:07:40,055 - INFO - Episode data saved successfully
2025-02-20 02:07:40,057 - INFO - Q-table saved successfully
2025-02-20 02:39:38,677 - INFO - Episode complete! Total reward: -81.78194046020508
2025-02-20 02:39:38,679 - INFO - Episode data saved successfully
2025-02-20 02:39:38,681 - INFO - Q-table saved successfully
2025-02-20 02:54:48,466 - INFO - Episode complete! Total reward: 579.9449300765991
2025-02-20 02:54:48,476 - INFO - Episode data saved successfully
2025-02-20 02:54:48,489 - INFO - Q-table saved successfully
2025-02-20 03:10:01,455 - INFO - Episode complete! Total reward: 315.3273606300354
2025-02-20 03:10:01,471 - INFO - Episode data saved successfully
2025-02-20 03:10:01,473 - INFO - Q-table saved successfully
2025-02-20 03:33:39,622 - INFO - Episode complete! Total reward: 4574.996449947357
2025-02-20 03:33:39,624 - INFO - Episode data saved successfully
2025-02-20 03:33:39,626 - INFO - Q-table saved successfully
2025-02-20 03:52:39,555 - INFO - Episode complete! Total reward: 1493.0218577384949
2025-02-20 03:52:39,559 - INFO - Episode data saved successfully
2025-02-20 03:52:39,562 - INFO - Q-table saved successfully
2025-02-20 04:09:33,681 - INFO - Episode complete! Total reward: 484.87950801849365
2025-02-20 04:09:33,684 - INFO - Episode data saved successfully
2025-02-20 04:09:33,686 - INFO - Q-table saved successfully
2025-02-20 04:24:56,503 - INFO - Episode complete! Total reward: -428.20407152175903
2025-02-20 04:24:56,505 - INFO - Episode data saved successfully
2025-02-20 04:24:56,516 - INFO - Q-table saved successfully
2025-02-20 04:41:51,301 - INFO - Episode complete! Total reward: 529.0298199653625
2025-02-20 04:41:51,314 - INFO - Episode data saved successfully
2025-02-20 04:41:51,316 - INFO - Q-table saved successfully
2025-02-20 04:59:15,505 - INFO - Episode complete! Total reward: 734.9590516090393
2025-02-20 04:59:15,508 - INFO - Episode data saved successfully
2025-02-20 04:59:15,509 - INFO - Q-table saved successfully
2025-02-20 05:14:11,196 - INFO - Episode complete! Total reward: 380.780291557312
2025-02-20 05:14:11,221 - INFO - Episode data saved successfully
2025-02-20 05:14:11,250 - INFO - Q-table saved successfully
2025-02-20 05:31:06,156 - INFO - Episode complete! Total reward: 580.2599811553955
2025-02-20 05:31:06,197 - INFO - Episode data saved successfully
2025-02-20 05:31:06,201 - INFO - Q-table saved successfully
2025-02-20 05:55:12,071 - INFO - Episode complete! Total reward: 380.62633991241455
2025-02-20 05:55:12,169 - INFO - Episode data saved successfully
2025-02-20 05:55:12,173 - INFO - Q-table saved successfully
2025-02-20 06:10:45,276 - INFO - Episode complete! Total reward: 591.9950485229492
2025-02-20 06:10:45,289 - INFO - Episode data saved successfully
2025-02-20 06:10:45,291 - INFO - Q-table saved successfully
2025-02-20 06:28:33,128 - INFO - Episode complete! Total reward: 329.81317043304443
2025-02-20 06:28:33,131 - INFO - Episode data saved successfully
2025-02-20 06:28:33,133 - INFO - Q-table saved successfully
2025-02-20 06:59:18,337 - INFO - Episode complete! Total reward: 8795.402398109436
2025-02-20 06:59:18,339 - INFO - Episode data saved successfully
2025-02-20 06:59:18,342 - INFO - Q-table saved successfully
2025-02-20 07:30:16,117 - INFO - Episode complete! Total reward: 379.9099802970886
2025-02-20 07:30:16,119 - INFO - Episode data saved successfully
2025-02-20 07:30:16,121 - INFO - Q-table saved successfully
2025-02-20 07:46:12,186 - INFO - Episode complete! Total reward: -345.37421226501465
2025-02-20 07:46:12,193 - INFO - Episode data saved successfully
2025-02-20 07:46:12,195 - INFO - Q-table saved successfully
2025-02-20 08:02:06,002 - INFO - Episode complete! Total reward: 529.1340208053589
2025-02-20 08:02:06,004 - INFO - Episode data saved successfully
2025-02-20 08:02:06,006 - INFO - Q-table saved successfully
2025-02-20 08:37:48,940 - INFO - Episode complete! Total reward: 331.1957907676697
2025-02-20 08:37:48,946 - INFO - Episode data saved successfully
2025-02-20 08:37:48,949 - INFO - Q-table saved successfully
2025-02-20 08:53:30,965 - INFO - Episode complete! Total reward: 480.81624031066895
2025-02-20 08:53:31,003 - INFO - Episode data saved successfully
2025-02-20 08:53:31,073 - INFO - Q-table saved successfully
2025-02-20 09:30:02,808 - INFO - Episode complete! Total reward: 529.3151307106018
2025-02-20 09:30:02,893 - INFO - Episode data saved successfully
2025-02-20 09:30:02,896 - INFO - Q-table saved successfully
2025-02-20 10:01:22,717 - INFO - Episode complete! Total reward: 330.8160996437073
2025-02-20 10:01:22,790 - INFO - Episode data saved successfully
2025-02-20 10:01:22,825 - INFO - Q-table saved successfully
2025-02-20 10:18:39,967 - INFO - Episode complete! Total reward: 815.4490184783936
2025-02-20 10:18:39,970 - INFO - Episode data saved successfully
2025-02-20 10:18:39,973 - INFO - Q-table saved successfully
2025-02-20 10:27:25,505 - INFO - Episode complete! Total reward: -4655.291621685028
2025-02-20 10:27:25,509 - INFO - Episode data saved successfully
2025-02-20 10:27:25,511 - INFO - Q-table saved successfully
2025-02-20 10:27:33,616 - INFO - Episode complete! Total reward: -8290.7390832901
2025-02-20 10:27:33,618 - INFO - Episode data saved successfully
2025-02-20 10:27:33,620 - INFO - Q-table saved successfully
2025-02-20 10:27:49,515 - INFO - Episode complete! Total reward: -8010.803372859955
2025-02-20 10:27:49,519 - INFO - Episode data saved successfully
2025-02-20 10:27:49,520 - INFO - Q-table saved successfully
2025-02-20 10:28:05,130 - INFO - Episode complete! Total reward: -8232.022595405579
2025-02-20 10:28:05,134 - INFO - Episode data saved successfully
2025-02-20 10:28:05,136 - INFO - Q-table saved successfully
2025-02-20 10:28:13,887 - INFO - Episode complete! Total reward: -8340.170731544495
2025-02-20 10:28:13,890 - INFO - Episode data saved successfully
2025-02-20 10:28:13,891 - INFO - Q-table saved successfully
2025-02-20 10:28:29,447 - INFO - Episode complete! Total reward: -8235.081243515015
2025-02-20 10:28:29,451 - INFO - Episode data saved successfully
2025-02-20 10:28:29,453 - INFO - Q-table saved successfully
2025-02-20 10:28:44,897 - INFO - Episode complete! Total reward: -7988.15299987793
2025-02-20 10:28:44,900 - INFO - Episode data saved successfully
2025-02-20 10:28:44,902 - INFO - Q-table saved successfully
2025-02-20 10:28:53,697 - INFO - Episode complete! Total reward: -8573.020958900452
2025-02-20 10:28:53,710 - INFO - Episode data saved successfully
2025-02-20 10:28:53,712 - INFO - Q-table saved successfully
2025-02-20 10:29:08,502 - INFO - Episode complete! Total reward: -8275.1394033432
2025-02-20 10:29:08,506 - INFO - Episode data saved successfully
2025-02-20 10:29:08,510 - INFO - Q-table saved successfully
2025-02-20 10:29:24,609 - INFO - Episode complete! Total reward: -8207.275354862213
2025-02-20 10:29:24,613 - INFO - Episode data saved successfully
2025-02-20 10:29:24,614 - INFO - Q-table saved successfully
2025-02-20 10:29:36,461 - INFO - Episode complete! Total reward: -8107.108454704285
2025-02-20 10:29:36,465 - INFO - Episode data saved successfully
2025-02-20 10:29:36,467 - INFO - Q-table saved successfully
2025-02-20 10:29:50,931 - INFO - Episode complete! Total reward: -8097.287876605988
2025-02-20 10:29:50,935 - INFO - Episode data saved successfully
2025-02-20 10:29:50,937 - INFO - Q-table saved successfully
2025-02-20 10:29:59,019 - INFO - Episode complete! Total reward: -8608.617651462555
2025-02-20 10:29:59,022 - INFO - Episode data saved successfully
2025-02-20 10:29:59,024 - INFO - Q-table saved successfully
2025-02-20 10:30:14,697 - INFO - Episode complete! Total reward: -8231.23835325241
2025-02-20 10:30:14,701 - INFO - Episode data saved successfully
2025-02-20 10:30:14,703 - INFO - Q-table saved successfully
2025-02-20 10:30:29,566 - INFO - Episode complete! Total reward: -8073.154940605164
2025-02-20 10:30:29,570 - INFO - Episode data saved successfully
2025-02-20 10:30:29,572 - INFO - Q-table saved successfully
2025-02-20 10:30:45,280 - INFO - Episode complete! Total reward: -8229.717147350311
2025-02-20 10:30:45,284 - INFO - Episode data saved successfully
2025-02-20 10:30:45,286 - INFO - Q-table saved successfully
2025-02-20 10:30:54,046 - INFO - Episode complete! Total reward: -8574.798345565796
2025-02-20 10:30:54,049 - INFO - Episode data saved successfully
2025-02-20 10:30:54,051 - INFO - Q-table saved successfully
2025-02-20 10:31:01,062 - ERROR - Error updating Q-value: 'wd'
2025-02-20 10:31:08,894 - INFO - Episode complete! Total reward: -8024.687077999115
2025-02-20 10:31:08,897 - INFO - Episode data saved successfully
2025-02-20 10:31:08,899 - INFO - Q-table saved successfully
2025-02-20 10:31:17,406 - INFO - Episode complete! Total reward: -8588.60490322113
2025-02-20 10:31:17,412 - INFO - Episode data saved successfully
2025-02-20 10:31:17,415 - INFO - Q-table saved successfully
2025-02-20 08:31:26,526 - INFO - Episode complete! Total reward: -8560.639250278473
2025-02-20 08:31:26,528 - INFO - Episode data saved successfully
2025-02-20 08:31:26,529 - INFO - Q-table saved successfully
2025-02-20 08:31:34,710 - INFO - Episode complete! Total reward: -8606.731307506561
2025-02-20 08:31:34,712 - INFO - Episode data saved successfully
2025-02-20 08:31:34,714 - INFO - Q-table saved successfully
2025-02-20 08:31:49,002 - INFO - Episode complete! Total reward: -8297.977948188782
2025-02-20 08:31:49,008 - INFO - Episode data saved successfully
2025-02-20 08:31:49,013 - INFO - Q-table saved successfully
2025-02-20 08:32:28,563 - INFO - Episode complete! Total reward: -6546.644752025604
2025-02-20 08:32:28,578 - INFO - Episode data saved successfully
2025-02-20 08:32:28,581 - INFO - Q-table saved successfully
2025-02-20 08:32:45,379 - INFO - Episode complete! Total reward: -8173.18035364151
2025-02-20 08:32:45,384 - INFO - Episode data saved successfully
2025-02-20 08:32:45,386 - INFO - Q-table saved successfully
2025-02-20 08:34:22,352 - INFO - Episode complete! Total reward: 31608612.074434455
2025-02-20 08:34:22,364 - INFO - Episode data saved successfully
2025-02-20 08:34:22,366 - INFO - Q-table saved successfully
2025-02-20 08:34:31,349 - INFO - Q-table saved successfully
2025-02-20 08:34:38,671 - INFO - Q-table loaded successfully
2025-02-20 08:34:38,671 - INFO - RacingAI initialized
2025-02-20 08:34:46,034 - INFO - Game loaded successfully
2025-02-20 08:35:04,579 - INFO - Episode complete! Total reward: -8574.892401695251
2025-02-20 08:35:04,582 - INFO - Episode data saved successfully
2025-02-20 08:35:04,584 - INFO - Q-table saved successfully
2025-02-20 08:35:13,441 - INFO - Episode complete! Total reward: -8572.291696071625
2025-02-20 08:35:13,444 - INFO - Episode data saved successfully
2025-02-20 08:35:13,447 - INFO - Q-table saved successfully
2025-02-20 08:35:23,966 - INFO - Episode complete! Total reward: -8283.959300518036
2025-02-20 08:35:23,970 - INFO - Episode data saved successfully
2025-02-20 08:35:23,975 - INFO - Q-table saved successfully
2025-02-20 08:35:31,600 - INFO - Q-table saved successfully
